NOC;Year;Season;Sport;Medallas_Cant;Temp_prom
USA;2016;Summer;Swimming;71;9
USA;2012;Summer;Swimming;68;9
USA;2008;Summer;Swimming;68;9
USA;2000;Summer;Swimming;66;9
USA;2004;Summer;Swimming;65;9
AUS;2008;Summer;Swimming;54;22
USA;2016;Summer;Athletics;46;9
AUS;2000;Summer;Swimming;46;22
SWE;2006;Winter;Ice Hockey;44;15
CAN;2014;Winter;Ice Hockey;44;-5
USA;2010;Winter;Ice Hockey;43;9
USA;2002;Winter;Ice Hockey;43;9
CAN;2010;Winter;Ice Hockey;43;-5
USA;2012;Summer;Athletics;42;9
CAN;2002;Winter;Ice Hockey;42;-5
FIN;2010;Winter;Ice Hockey;41;2
USA;2004;Summer;Athletics;38;9
BRA;2008;Summer;Football;35;25
GER;2016;Summer;Football;35;9
NED;2012;Summer;Hockey;33;9
GER;2016;Summer;Hockey;33;9
AUS;2016;Summer;Swimming;32;22
AUS;2012;Summer;Swimming;32;22
USA;2008;Summer;Athletics;32;9
NED;2000;Summer;Hockey;32;9
GER;2004;Summer;Hockey;32;9
AUS;2000;Summer;Hockey;32;22
NED;2004;Summer;Hockey;32;9
AUS;2004;Summer;Swimming;31;22
FRA;2016;Summer;Handball;31;11
JAM;2016;Summer;Athletics;30;25
NED;2014;Winter;Speed Skating;28;9
GBR;2012;Summer;Rowing;28;12
USA;2000;Summer;Athletics;28;9
RUS;2004;Summer;Athletics;27;-5
GBR;2016;Summer;Rowing;26;12
ITA;2016;Summer;Water Polo;26;13
USA;2008;Summer;Water Polo;26;9
RUS;2008;Summer;Athletics;25;-5
JAM;2012;Summer;Athletics;25;25
RUS;2000;Summer;Water Polo;25;-5
RUS;2000;Summer;Gymnastics;25;-5
USA;2008;Summer;Volleyball;24;9
CUB;2000;Summer;Baseball;24;25
BRA;2012;Summer;Volleyball;24;25
USA;2000;Summer;Baseball;24;9
CHN;2008;Summer;Gymnastics;24;11
ESP;2016;Summer;Basketball;24;13
USA;2012;Summer;Basketball;24;9
JPN;2004;Summer;Baseball;24;11
USA;2008;Summer;Baseball;24;9
USA;2004;Summer;Basketball;24;9
RUS;2000;Summer;Volleyball;24;-5
CUB;2004;Summer;Baseball;24;25
SRB;2016;Summer;Basketball;24;11
FIN;2014;Winter;Ice Hockey;24;2
AUS;2004;Summer;Baseball;24;22
CUB;2008;Summer;Baseball;24;25
KOR;2008;Summer;Baseball;24;12
KOR;2000;Summer;Baseball;24;12
USA;2008;Summer;Basketball;24;9
BRA;2008;Summer;Volleyball;24;25
USA;2016;Summer;Basketball;24;9
CZE;2006;Winter;Ice Hockey;24;4
USA;2016;Summer;Volleyball;24;9
JAM;2000;Summer;Athletics;23;25
GBR;2008;Summer;Rowing;23;12
USA;2000;Summer;Basketball;23;9
SWE;2014;Winter;Ice Hockey;23;19
RUS;2012;Summer;Athletics;23;-5
FIN;2006;Winter;Ice Hockey;23;2
RUS;2004;Summer;Volleyball;22;-5
RUS;2002;Winter;Ice Hockey;21;-5
AUS;2000;Summer;Rowing;21;22
FRA;2012;Summer;Swimming;21;11
GBR;2016;Summer;Cycling;20;12
USA;2014;Winter;Ice Hockey;20;9
NED;2004;Summer;Rowing;20;9
SWE;2002;Winter;Ice Hockey;20;19
CAN;2006;Winter;Ice Hockey;20;-5
ROU;2004;Summer;Gymnastics;20;9
USA;2008;Summer;Gymnastics;20;9
USA;2006;Winter;Ice Hockey;20;9
USA;2008;Summer;Rowing;19;9
SWE;2014;Winter;Cross Country Skiing;19;19
SUI;2014;Winter;Ice Hockey;19;15
GBR;2008;Summer;Cycling;19;12
GER;2004;Summer;Canoeing;19;9
AUS;2004;Summer;Rowing;19;22
GBR;2012;Summer;Cycling;19;12
USA;2004;Summer;Gymnastics;19;9
ARG;2008;Summer;Football;18;15
USA;2004;Summer;Rowing;18;9
BRA;2012;Summer;Football;18;25
GER;2008;Summer;Canoeing;18;9
CAN;2016;Summer;Football;18;-5
KOR;2006;Winter;Short Track Speed Skating;18;12
CAN;2012;Summer;Rowing;18;-5
CAN;2012;Summer;Football;18;-5
CMR;2000;Summer;Football;18;25
NGR;2016;Summer;Football;18;27
JPN;2012;Summer;Football;18;11
KOR;2012;Summer;Football;18;12
ARG;2016;Summer;Hockey;18;15
RUS;2000;Summer;Athletics;18;-5
SWE;2016;Summer;Football;18;19
JPN;2012;Summer;Swimming;17;11
GER;2012;Summer;Rowing;17;9
USA;2004;Summer;Football;17;9
AUS;2004;Summer;Cycling;17;22
GER;2000;Summer;Football;17;9
GER;2000;Summer;Canoeing;17;9
RUS;2014;Winter;Figure Skating;17;-5
ITA;2004;Summer;Football;17;13
NOR;2002;Winter;Cross Country Skiing;17;2
GER;2008;Summer;Hockey;17;9
GBR;2000;Summer;Rowing;17;12
GER;2016;Summer;Rowing;17;9
ESP;2000;Summer;Football;17;13
NOR;2000;Summer;Football;17;2
AUS;2008;Summer;Hockey;17;22
CHI;2000;Summer;Football;17;8
PAR;2004;Summer;Football;17;24
GER;2004;Summer;Football;17;9
CAN;2008;Summer;Rowing;17;-5
BRA;2004;Summer;Football;17;25
USA;2012;Summer;Football;17;9
USA;2008;Summer;Football;17;9
USA;2012;Summer;Rowing;17;9
GER;2006;Winter;Biathlon;17;9
HUN;2000;Summer;Canoeing;17;11
BRA;2016;Summer;Football;17;25
GER;2004;Summer;Swimming;17;9
ARG;2004;Summer;Football;16;15
ARG;2004;Summer;Hockey;16;15
CHN;2008;Summer;Hockey;16;11
NED;2016;Summer;Hockey;16;9
GBR;2016;Summer;Hockey;16;12
MEX;2012;Summer;Football;16;21
ITA;2008;Summer;Fencing;16;13
CAN;2006;Winter;Speed Skating;16;-5
GER;2016;Summer;Canoeing;16;9
NED;2000;Summer;Swimming;16;9
NGR;2008;Summer;Football;16;27
AUS;2012;Summer;Hockey;16;22
GBR;2012;Summer;Hockey;16;12
ARG;2008;Summer;Hockey;16;15
ITA;2012;Summer;Fencing;16;13
BEL;2016;Summer;Hockey;16;10
USA;2016;Summer;Gymnastics;16;9
RUS;2016;Summer;Gymnastics;16;-5
GER;2012;Summer;Hockey;16;9
AUS;2004;Summer;Hockey;16;22
GER;2008;Summer;Football;16;9
NED;2008;Summer;Hockey;16;9
KOR;2000;Summer;Hockey;16;12
ESP;2008;Summer;Hockey;16;13
NOR;2010;Winter;Cross Country Skiing;16;2
ARG;2000;Summer;Hockey;16;15
DEN;2004;Summer;Handball;15;8
JPN;2008;Summer;Softball;15;11
CRO;2012;Summer;Handball;15;11
CHN;2008;Summer;Diving;15;11
NED;2000;Summer;Rowing;15;9
USA;2008;Summer;Softball;15;9
RUS;2016;Summer;Handball;15;-5
SWE;2000;Summer;Handball;15;19
CHN;2012;Summer;Swimming;15;11
RUS;2016;Summer;Fencing;15;-5
FRA;2008;Summer;Handball;15;11
FRA;2012;Summer;Handball;15;11
NOR;2000;Summer;Handball;15;2
JPN;2000;Summer;Softball;15;11
KOR;2004;Summer;Handball;15;12
UKR;2004;Summer;Handball;15;8
ESP;2000;Summer;Handball;15;13
NED;2016;Summer;Rowing;15;9
CRO;2004;Summer;Handball;15;11
GER;2004;Summer;Handball;15;9
ESP;2012;Summer;Handball;15;13
GER;2016;Summer;Equestrianism;15;9
HUN;2000;Summer;Handball;15;11
USA;2004;Summer;Equestrianism;15;9
KEN;2008;Summer;Athletics;15;25
DEN;2000;Summer;Handball;15;8
AUS;2000;Summer;Softball;15;22
RUS;2000;Summer;Handball;15;-5
CAN;2016;Summer;Swimming;15;-5
NED;2004;Summer;Swimming;15;9
KOR;2012;Summer;Fencing;15;12
GER;2016;Summer;Handball;15;9
AUS;2004;Summer;Softball;15;22
USA;2004;Summer;Softball;15;9
AUS;2008;Summer;Softball;15;22
GER;2002;Winter;Biathlon;15;9
ARG;2012;Summer;Hockey;15;15
USA;2000;Summer;Softball;15;9
GER;2000;Summer;Cycling;14;9
CHN;2016;Summer;Diving;14;11
USA;2010;Winter;Short Track Speed Skating;14;9
CHN;2002;Winter;Short Track Speed Skating;14;11
JAM;2008;Summer;Athletics;14;25
SWE;2012;Summer;Handball;14;19
CHN;2012;Summer;Diving;14;11
NOR;2008;Summer;Handball;14;2
DEN;2016;Summer;Handball;14;8
NOR;2016;Summer;Handball;14;2
HUN;2004;Summer;Canoeing;14;11
GER;2012;Summer;Canoeing;14;9
FRA;2004;Summer;Fencing;14;11
CHN;2008;Summer;Swimming;14;11
ESP;2008;Summer;Handball;14;13
FRA;2000;Summer;Fencing;14;11
CAN;2002;Winter;Short Track Speed Skating;14;-5
HUN;2012;Summer;Canoeing;14;11
KOR;2008;Summer;Handball;14;12
CHN;2000;Summer;Diving;14;11
GER;2000;Summer;Rowing;14;9
GBR;2016;Summer;Athletics;14;12
RUS;2008;Summer;Handball;14;-5
GBR;2012;Summer;Equestrianism;14;12
JPN;2004;Summer;Softball;14;11
RUS;2004;Summer;Handball;14;-5
MNE;2012;Summer;Handball;14;11
AUT;2006;Winter;Alpine Skiing;14;6
ISL;2008;Summer;Handball;14;2
NOR;2012;Summer;Handball;14;2
CRO;2012;Summer;Water Polo;13;11
AUS;2000;Summer;Water Polo;13;22
USA;2000;Summer;Water Polo;13;9
JAM;2004;Summer;Athletics;13;25
CRO;2016;Summer;Water Polo;13;11
FIJ;2016;Summer;Rugby Sevens;13;24
SRB;2012;Summer;Water Polo;13;11
GBR;2016;Summer;Swimming;13;12
GRE;2004;Summer;Water Polo;13;15
ITA;2000;Summer;Fencing;13;13
NED;2006;Winter;Speed Skating;13;9
SCG;2000;Summer;Water Polo;13;10
HUN;2000;Summer;Water Polo;13;11
USA;2008;Summer;Fencing;13;9
ITA;2004;Summer;Water Polo;13;13
SRB;2008;Summer;Water Polo;13;11
RUS;2004;Summer;Fencing;13;-5
KEN;2016;Summer;Athletics;13;25
HUN;2004;Summer;Water Polo;13;11
RSA;2016;Summer;Rugby Sevens;13;18
AUS;2012;Summer;Rowing;13;22
SRB;2016;Summer;Water Polo;13;11
USA;2000;Summer;Football;13;9
RUS;2016;Summer;Water Polo;13;-5
ROU;2000;Summer;Rowing;13;9
ROU;2004;Summer;Rowing;13;9
RUS;2004;Summer;Water Polo;13;-5
AUS;2012;Summer;Water Polo;13;22
ITA;2012;Summer;Water Polo;13;13
USA;2016;Summer;Water Polo;13;9
AUS;2008;Summer;Water Polo;13;22
HUN;2008;Summer;Water Polo;13;11
BRA;2000;Summer;Basketball;12;25
BRA;2000;Summer;Volleyball;12;25
BRA;2016;Summer;Volleyball;12;25
RUS;2012;Summer;Volleyball;12;-5
JPN;2012;Summer;Volleyball;12;11
KOR;2010;Winter;Short Track Speed Skating;12;12
CAN;2016;Summer;Rugby Sevens;12;-5
JPN;2016;Summer;Judo;12;11
CHN;2000;Summer;Gymnastics;12;11
RUS;2012;Summer;Gymnastics;12;-5
FRA;2012;Summer;Basketball;12;11
NOR;2014;Winter;Cross Country Skiing;12;2
CHN;2000;Summer;Badminton;12;11
BRA;2004;Summer;Volleyball;12;25
CUB;2004;Summer;Volleyball;12;25
FRA;2000;Summer;Basketball;12;11
RUS;2012;Summer;Basketball;12;-5
NOR;2014;Winter;Biathlon;12;2
CHN;2012;Summer;Badminton;12;11
AUS;2012;Summer;Basketball;12;22
ITA;2004;Summer;Basketball;12;13
ITA;2000;Summer;Volleyball;12;13
GBR;2004;Summer;Rowing;12;12
RUS;2004;Summer;Basketball;12;-5
AUS;2008;Summer;Basketball;12;22
GBR;2016;Summer;Rugby Sevens;12;12
CHN;2004;Summer;Diving;12;11
SRB;2016;Summer;Volleyball;12;11
AUS;2004;Summer;Basketball;12;22
USA;2004;Summer;Water Polo;12;9
ITA;2004;Summer;Volleyball;12;13
CHN;2012;Summer;Gymnastics;12;11
ITA;2000;Summer;Rowing;12;13
CHN;2004;Summer;Volleyball;12;11
NED;2008;Summer;Water Polo;12;9
USA;2012;Summer;Volleyball;12;9
USA;2012;Summer;Water Polo;12;9
CHN;2008;Summer;Volleyball;12;11
CHN;2008;Summer;Table Tennis;12;11
SCG;2004;Summer;Water Polo;12;10
CAN;2010;Winter;Short Track Speed Skating;12;-5
AUS;2000;Summer;Basketball;12;22
CHN;2008;Summer;Badminton;12;11
ARG;2008;Summer;Basketball;12;15
ARG;2004;Summer;Basketball;12;15
CAN;2006;Winter;Short Track Speed Skating;12;-5
NOR;2002;Winter;Biathlon;12;2
CHN;2016;Summer;Volleyball;12;11
RUS;2008;Summer;Basketball;12;-5
NZL;2016;Summer;Rugby Sevens;12;11
ESP;2008;Summer;Basketball;12;13
ITA;2012;Summer;Volleyball;12;13
ESP;2012;Summer;Basketball;12;13
CAN;2014;Winter;Figure Skating;12;-5
ESP;2012;Summer;Water Polo;12;13
ITA;2016;Summer;Volleyball;12;13
LTU;2000;Summer;Basketball;12;6
CHN;2000;Summer;Table Tennis;12;11
AUS;2016;Summer;Rugby Sevens;12;22
RUS;2008;Summer;Volleyball;12;-5
GER;2008;Summer;Equestrianism;11;9
JPN;2004;Summer;Swimming;11;11
SWE;2010;Winter;Cross Country Skiing;11;19
JPN;2004;Summer;Synchronized Swimming;11;11
RUS;2012;Summer;Wrestling;11;-5
SCG;2000;Summer;Volleyball;11;10
JPN;2000;Summer;Synchronized Swimming;11;11
ROU;2008;Summer;Rowing;11;9
ROU;2000;Summer;Gymnastics;11;9
RUS;2008;Summer;Synchronized Swimming;11;-5
BAH;2000;Summer;Athletics;11;25
KEN;2012;Summer;Athletics;11;25
FRA;2008;Summer;Swimming;11;11
ITA;2004;Summer;Fencing;11;13
CHN;2016;Summer;Synchronized Swimming;11;11
RUS;2012;Summer;Synchronized Swimming;11;-5
RUS;2008;Summer;Wrestling;11;-5
RUS;2004;Summer;Synchronized Swimming;11;-5
NED;2008;Summer;Rowing;11;9
RUS;2016;Summer;Synchronized Swimming;11;-5
CHN;2012;Summer;Synchronized Swimming;11;11
RUS;2006;Winter;Biathlon;11;-5
RUS;2006;Winter;Cross Country Skiing;11;-5
GER;2000;Summer;Swimming;11;9
USA;2004;Summer;Synchronized Swimming;11;9
GER;2002;Winter;Cross Country Skiing;11;9
ESP;2012;Summer;Synchronized Swimming;10;13
NED;2010;Winter;Speed Skating;10;9
FRA;2000;Summer;Cycling;10;11
ESP;2008;Summer;Synchronized Swimming;10;13
CAN;2016;Summer;Athletics;10;-5
CAN;2006;Winter;Curling;10;-5
SUI;2002;Winter;Curling;10;15
CAN;2002;Winter;Curling;10;-5
CAN;2010;Winter;Curling;10;-5
CHN;2016;Summer;Gymnastics;10;11
USA;2012;Summer;Gymnastics;10;9
USA;2014;Winter;Figure Skating;10;9
CHN;2012;Summer;Table Tennis;10;11
RUS;2010;Winter;Biathlon;10;-5
TTO;2012;Summer;Athletics;10;26
JPN;2004;Summer;Judo;10;11
JPN;2016;Summer;Swimming;10;11
GBR;2008;Summer;Sailing;10;12
GER;2000;Summer;Equestrianism;10;9
RUS;2004;Summer;Shooting;10;-5
POL;2000;Summer;Canoeing;10;8
GBR;2000;Summer;Cycling;10;12
RUS;2004;Summer;Wrestling;10;-5
GER;2002;Winter;Bobsleigh;10;9
GBR;2004;Summer;Cycling;10;12
ITA;2004;Summer;Rowing;10;13
USA;2016;Summer;Fencing;10;9
AUS;2012;Summer;Cycling;10;22
RUS;2014;Winter;Biathlon;10;-5
GER;2012;Summer;Equestrianism;10;9
CHN;2016;Summer;Table Tennis;10;11
USA;2014;Winter;Bobsleigh;10;9
USA;2016;Summer;Rowing;10;9
JPN;2016;Summer;Synchronized Swimming;10;11
FRA;2006;Winter;Biathlon;10;11
SWE;2006;Winter;Cross Country Skiing;10;19
USA;2002;Winter;Bobsleigh;10;9
RUS;2000;Summer;Synchronized Swimming;10;-5
ITA;2006;Winter;Cross Country Skiing;10;13
GER;2006;Winter;Cross Country Skiing;10;9
GER;2010;Winter;Cross Country Skiing;10;9
USA;2000;Summer;Equestrianism;9;9
GER;2000;Summer;Fencing;9;9
CHN;2014;Winter;Short Track Speed Skating;9;11
AUS;2004;Summer;Diving;9;22
CHN;2004;Summer;Shooting;9;11
RUS;2000;Summer;Wrestling;9;-5
RUS;2000;Summer;Fencing;9;-5
HUN;2008;Summer;Canoeing;9;11
GER;2004;Summer;Equestrianism;9;9
CHN;2004;Summer;Table Tennis;9;11
NED;2012;Summer;Equestrianism;9;9
CHN;2008;Summer;Weightlifting;9;11
AUS;2000;Summer;Cycling;9;22
NED;2012;Summer;Rowing;9;9
CHN;2008;Summer;Synchronized Swimming;9;11
ROU;2016;Summer;Rowing;9;9
USA;2016;Summer;Equestrianism;9;9
GER;2012;Summer;Cycling;9;9
GER;2014;Winter;Luge;9;9
CAN;2014;Winter;Freestyle Skiing;9;-5
GER;2004;Summer;Rowing;9;9
FRA;2016;Summer;Equestrianism;9;11
KOR;2014;Winter;Short Track Speed Skating;9;12
KOR;2016;Summer;Archery;9;12
SWE;2000;Summer;Swimming;9;19
KOR;2008;Summer;Archery;9;12
KOR;2000;Summer;Archery;9;12
RUS;2012;Summer;Swimming;9;-5
FRA;2010;Winter;Biathlon;9;11
CUB;2000;Summer;Athletics;9;25
JPN;2004;Summer;Gymnastics;9;11
ITA;2002;Winter;Cross Country Skiing;9;13
FRA;2016;Summer;Fencing;9;11
NZL;2012;Summer;Rowing;9;11
CRO;2000;Summer;Rowing;9;11
AZE;2016;Summer;Wrestling;9;12
AUT;2014;Winter;Alpine Skiing;9;6
RUS;2014;Winter;Cross Country Skiing;9;-5
AUT;2002;Winter;Alpine Skiing;9;6
AUS;2016;Summer;Rowing;9;22
RUS;2016;Summer;Wrestling;9;-5
GBR;2004;Summer;Sailing;9;12
FRA;2008;Summer;Cycling;9;11
CAN;2000;Summer;Rowing;9;-5
CUB;2000;Summer;Volleyball;8;25
RUS;2014;Winter;Short Track Speed Skating;8;-5
CHN;2008;Summer;Shooting;8;11
POL;2008;Summer;Rowing;8;8
CUB;2004;Summer;Boxing;8;25
NOR;2010;Winter;Biathlon;8;2
ROU;2000;Summer;Canoeing;8;9
RUS;2004;Summer;Rhythmic Gymnastics;8;-5
CHN;2004;Summer;Badminton;8;11
CUB;2008;Summer;Boxing;8;25
CHN;2000;Summer;Shooting;8;11
RUS;2008;Summer;Swimming;8;-5
RUS;2004;Summer;Gymnastics;8;-5
RUS;2000;Summer;Rhythmic Gymnastics;8;-5
CHN;2004;Summer;Weightlifting;8;11
RUS;2008;Summer;Diving;8;-5
RUS;2000;Summer;Diving;8;-5
RUS;2012;Summer;Rhythmic Gymnastics;8;-5
KOR;2004;Summer;Archery;8;12
ETH;2016;Summer;Athletics;8;22
BLR;2012;Summer;Canoeing;8;6
GER;2004;Summer;Cycling;8;9
FIN;2014;Winter;Cross Country Skiing;8;2
SVK;2004;Summer;Canoeing;8;7
SVK;2008;Summer;Canoeing;8;7
FRA;2000;Summer;Rowing;8;11
KOR;2012;Summer;Archery;8;12
GER;2002;Winter;Speed Skating;8;9
AUS;2012;Summer;Sailing;8;22
GBR;2008;Summer;Athletics;8;12
GBR;2012;Summer;Gymnastics;8;12
USA;2010;Winter;Alpine Skiing;8;9
GBR;2012;Summer;Sailing;8;12
AUS;2008;Summer;Rowing;8;22
USA;2002;Winter;Speed Skating;8;9
FRA;2008;Summer;Fencing;8;11
POL;2014;Winter;Speed Skating;8;8
SWE;2014;Winter;Curling;8;19
FRA;2008;Summer;Rowing;8;11
GBR;2014;Winter;Curling;8;12
USA;2000;Summer;Sailing;8;9
AUS;2008;Summer;Canoeing;8;22
BLR;2008;Summer;Canoeing;8;6
CAN;2014;Winter;Curling;8;-5
GER;2010;Winter;Biathlon;8;9
GER;2010;Winter;Bobsleigh;8;9
CAN;2010;Winter;Bobsleigh;8;-5
NED;2012;Summer;Swimming;8;9
GER;2006;Winter;Bobsleigh;8;9
CAN;2000;Summer;Synchronized Swimming;8;-5
NED;2002;Winter;Speed Skating;8;9
CZE;2014;Winter;Biathlon;8;4
USA;2016;Summer;Cycling;8;9
FRA;2016;Summer;Swimming;8;11
GER;2012;Summer;Athletics;8;9
NGR;2004;Summer;Athletics;8;27
JPN;2000;Summer;Judo;8;11
ETH;2000;Summer;Athletics;8;22
JPN;2008;Summer;Swimming;8;11
ESP;2004;Summer;Cycling;8;13
RUS;2006;Winter;Speed Skating;7;-5
RUS;2002;Winter;Figure Skating;7;-5
AUS;2016;Summer;Sailing;7;22
ITA;2016;Summer;Shooting;7;13
GBR;2004;Summer;Equestrianism;7;12
ITA;2016;Summer;Fencing;7;13
ITA;2004;Summer;Swimming;7;13
GBR;2000;Summer;Sailing;7;12
CHN;2016;Summer;Weightlifting;7;11
RUS;2004;Summer;Weightlifting;7;-5
GBR;2004;Summer;Athletics;7;12
UKR;2000;Summer;Gymnastics;7;8
USA;2006;Winter;Speed Skating;7;9
GBR;2012;Summer;Canoeing;7;12
USA;2010;Winter;Nordic Combined;7;9
UZB;2016;Summer;Boxing;7;12
GER;2010;Winter;Speed Skating;7;9
ROU;2008;Summer;Gymnastics;7;9
ROU;2012;Summer;Gymnastics;7;9
CHN;2008;Summer;Archery;7;11
GER;2006;Winter;Speed Skating;7;9
USA;2014;Winter;Freestyle Skiing;7;9
USA;2012;Summer;Tennis;7;9
CHN;2010;Winter;Short Track Speed Skating;7;11
USA;2012;Summer;Diving;7;9
HUN;2016;Summer;Canoeing;7;11
USA;2010;Winter;Speed Skating;7;9
CHN;2016;Summer;Shooting;7;11
CHN;2012;Summer;Shooting;7;11
RUS;2000;Summer;Boxing;7;-5
AUS;2000;Summer;Sailing;7;22
NZL;2016;Summer;Sailing;7;11
USA;2006;Winter;Snowboarding;7;9
JPN;2000;Summer;Swimming;7;11
HUN;2016;Summer;Fencing;7;11
HUN;2016;Summer;Swimming;7;11
CHN;2012;Summer;Weightlifting;7;11
USA;2000;Summer;Wrestling;7;9
USA;2012;Summer;Cycling;7;9
ETH;2012;Summer;Athletics;7;22
BLR;2008;Summer;Rhythmic Gymnastics;7;6
JPN;2016;Summer;Table Tennis;7;11
FRA;2012;Summer;Judo;7;11
JPN;2016;Summer;Wrestling;7;11
BLR;2012;Summer;Rhythmic Gymnastics;7;6
NOR;2014;Winter;Nordic Combined;7;2
KEN;2004;Summer;Athletics;7;25
KOR;2002;Winter;Short Track Speed Skating;7;12
KOR;2004;Summer;Badminton;7;12
JPN;2016;Summer;Gymnastics;7;11
FIN;2002;Winter;Nordic Combined;7;2
KEN;2000;Summer;Athletics;7;25
ETH;2008;Summer;Athletics;7;22
ETH;2004;Summer;Athletics;7;22
NOR;2006;Winter;Ski Jumping;7;2
RUS;2016;Summer;Rhythmic Gymnastics;7;-5
DEN;2016;Summer;Cycling;7;8
DEN;2012;Summer;Rowing;7;8
NED;2000;Summer;Equestrianism;7;9
NED;2008;Summer;Swimming;7;9
CAN;2010;Winter;Speed Skating;7;-5
NGR;2000;Summer;Athletics;7;27
SVK;2016;Summer;Canoeing;7;7
RUS;2008;Summer;Rhythmic Gymnastics;7;-5
JPN;2008;Summer;Judo;7;11
CHN;2000;Summer;Weightlifting;7;11
BAH;2008;Summer;Athletics;7;25
RUS;2008;Summer;Weightlifting;7;-5
BLR;2000;Summer;Rhythmic Gymnastics;7;6
JPN;2008;Summer;Gymnastics;7;11
AZE;2012;Summer;Wrestling;7;12
JPN;2012;Summer;Gymnastics;7;11
JPN;2012;Summer;Judo;7;11
NZL;2012;Summer;Cycling;7;11
CUB;2008;Summer;Judo;6;25
DEN;2008;Summer;Rowing;6;8
LAT;2014;Winter;Luge;6;6
CHN;2012;Summer;Fencing;6;11
ITA;2016;Summer;Rowing;6;13
HUN;2004;Summer;Fencing;6;11
NOR;2006;Winter;Biathlon;6;2
FRA;2016;Summer;Boxing;6;11
CUB;2016;Summer;Boxing;6;25
CHN;2012;Summer;Athletics;6;11
CZE;2016;Summer;Canoeing;6;4
GER;2014;Winter;Nordic Combined;6;9
NGR;2008;Summer;Athletics;6;27
NED;2016;Summer;Cycling;6;9
GER;2016;Summer;Table Tennis;6;9
GER;2010;Winter;Luge;6;9
KAZ;2016;Summer;Weightlifting;6;6
CHN;2008;Summer;Rhythmic Gymnastics;6;11
DEN;2016;Summer;Rowing;6;8
CHN;2008;Summer;Rowing;6;11
GER;2008;Summer;Rowing;6;9
CUB;2004;Summer;Judo;6;25
JPN;2004;Summer;Wrestling;6;11
GER;2004;Summer;Fencing;6;9
GER;2006;Winter;Nordic Combined;6;9
GRE;2000;Summer;Rhythmic Gymnastics;6;15
FRA;2012;Summer;Athletics;6;11
ITA;2004;Summer;Rhythmic Gymnastics;6;13
JPN;2012;Summer;Wrestling;6;11
GBR;2012;Summer;Athletics;6;12
CUB;2000;Summer;Boxing;6;25
CHN;2016;Summer;Swimming;6;11
ITA;2000;Summer;Swimming;6;13
ITA;2006;Winter;Speed Skating;6;13
GBR;2008;Summer;Swimming;6;12
GBR;2008;Summer;Equestrianism;6;12
JPN;2008;Summer;Wrestling;6;11
GBR;2016;Summer;Canoeing;6;12
GBR;2016;Summer;Equestrianism;6;12
GBR;2016;Summer;Gymnastics;6;12
FRA;2016;Summer;Athletics;6;11
NZL;2008;Summer;Cycling;6;11
POL;2016;Summer;Rowing;6;8
ITA;2012;Summer;Rhythmic Gymnastics;6;13
FRA;2000;Summer;Judo;6;11
KOR;2008;Summer;Table Tennis;6;12
KOR;2008;Summer;Badminton;6;12
FRA;2012;Summer;Cycling;6;11
FRA;2004;Summer;Swimming;6;11
IRI;2012;Summer;Wrestling;6;17
GER;2000;Summer;Sailing;6;9
GBR;2000;Summer;Athletics;6;12
FRA;2016;Summer;Rowing;6;11
GEO;2012;Summer;Wrestling;6;6
CHN;2016;Summer;Athletics;6;11
ITA;2014;Winter;Short Track Speed Skating;6;13
GER;2002;Winter;Luge;6;9
RUS;2004;Summer;Diving;6;-5
CHN;2004;Summer;Swimming;6;11
AUT;2002;Winter;Nordic Combined;6;6
RUS;2000;Summer;Shooting;6;-5
AUS;2004;Summer;Athletics;6;22
RUS;2010;Winter;Cross Country Skiing;6;-5
USA;2016;Summer;Tennis;6;9
CHN;2004;Summer;Fencing;6;11
CAN;2016;Summer;Cycling;6;-5
TPE;2004;Summer;Archery;6;10
USA;2004;Summer;Wrestling;6;9
RUS;2002;Winter;Biathlon;6;-5
AUT;2006;Winter;Nordic Combined;6;6
RUS;2004;Summer;Boxing;6;-5
CAN;2014;Winter;Short Track Speed Skating;6;-5
TTO;2008;Summer;Athletics;6;26
AUT;2010;Winter;Ski Jumping;6;6
USA;2010;Winter;Bobsleigh;6;9
CHN;2000;Summer;Fencing;6;11
USA;2008;Summer;Shooting;6;9
RUS;2006;Winter;Figure Skating;6;-5
USA;2006;Winter;Short Track Speed Skating;6;9
RUS;2012;Summer;Fencing;6;-5
RUS;2014;Winter;Speed Skating;6;-5
USA;2008;Summer;Equestrianism;6;9
RUS;2012;Summer;Weightlifting;6;-5
BAH;2016;Summer;Athletics;6;25
AUT;2006;Winter;Ski Jumping;6;6
RUS;2014;Winter;Bobsleigh;6;-5
BUL;2004;Summer;Rhythmic Gymnastics;6;11
RUS;2012;Summer;Boxing;6;-5
BLR;2008;Summer;Athletics;6;6
SUI;2006;Winter;Bobsleigh;6;15
USA;2000;Summer;Gymnastics;6;9
USA;2000;Summer;Rowing;6;9
BRA;2000;Summer;Beach Volleyball;6;25
UKR;2012;Summer;Athletics;6;8
RSA;2004;Summer;Swimming;6;18
AUS;2016;Summer;Cycling;6;22
AUS;2008;Summer;Sailing;6;22
GER;2002;Winter;Nordic Combined;5;9
GER;2002;Winter;Ski Jumping;5;9
FIN;2006;Winter;Ski Jumping;5;2
RUS;2014;Winter;Luge;5;-5
BRA;2008;Summer;Athletics;5;25
NZL;2012;Summer;Equestrianism;5;11
FIN;2010;Winter;Cross Country Skiing;5;2
UKR;2008;Summer;Wrestling;5;8
DEN;2016;Summer;Swimming;5;8
USA;2008;Summer;Cycling;5;9
CUB;2004;Summer;Athletics;5;25
RUS;2012;Summer;Judo;5;-5
NZL;2008;Summer;Rowing;5;11
TUR;2016;Summer;Wrestling;5;11
AUT;2010;Winter;Nordic Combined;5;6
CUB;2008;Summer;Athletics;5;25
UKR;2016;Summer;Fencing;5;8
AUS;2012;Summer;Canoeing;5;22
AUS;2008;Summer;Equestrianism;5;22
RUS;2012;Summer;Canoeing;5;-5
AUT;2010;Winter;Biathlon;5;6
UKR;2012;Summer;Boxing;5;8
ITA;2002;Winter;Short Track Speed Skating;5;13
CUB;2000;Summer;Judo;5;25
UKR;2014;Winter;Biathlon;5;8
DEN;2008;Summer;Cycling;5;8
CUB;2000;Summer;Wrestling;5;25
IRI;2016;Summer;Wrestling;5;17
ESP;2008;Summer;Cycling;5;13
MAS;2016;Summer;Badminton;5;25
CZE;2010;Winter;Cross Country Skiing;5;4
BUL;2016;Summer;Rhythmic Gymnastics;5;11
GER;2000;Summer;Athletics;5;9
ESP;2004;Summer;Sailing;5;13
UKR;2004;Summer;Sailing;5;8
USA;2002;Winter;Snowboarding;5;9
ESP;2016;Summer;Canoeing;5;13
ESP;2016;Summer;Rhythmic Gymnastics;5;13
ESP;2004;Summer;Equestrianism;5;13
NOR;2002;Winter;Curling;5;2
INA;2008;Summer;Badminton;5;26
MEX;2012;Summer;Diving;5;21
NOR;2006;Winter;Cross Country Skiing;5;2
INA;2000;Summer;Badminton;5;26
NED;2008;Summer;Sailing;5;9
CZE;2012;Summer;Canoeing;5;4
GBR;2016;Summer;Diving;5;12
FIN;2002;Winter;Ski Jumping;5;2
GBR;2012;Summer;Boxing;5;12
GBR;2002;Winter;Curling;5;12
UKR;2008;Summer;Athletics;5;8
CZE;2016;Summer;Tennis;5;4
UKR;2000;Summer;Boxing;5;8
UKR;2000;Summer;Cycling;5;8
CAN;2008;Summer;Equestrianism;5;-5
RUS;2008;Summer;Canoeing;5;-5
NED;2008;Summer;Judo;5;9
ITA;2012;Summer;Shooting;5;13
GER;2012;Summer;Fencing;5;9
USA;2014;Winter;Snowboarding;5;9
GER;2006;Winter;Luge;5;9
FRA;2004;Summer;Athletics;5;11
KAZ;2016;Summer;Boxing;5;6
JPN;2016;Summer;Athletics;5;11
GER;2008;Summer;Cycling;5;9
BRA;2000;Summer;Athletics;5;25
RUS;2004;Summer;Judo;5;-5
GER;2014;Winter;Ski Jumping;5;9
FRA;2004;Summer;Equestrianism;5;11
JPN;2014;Winter;Ski Jumping;5;11
CHN;2006;Winter;Short Track Speed Skating;5;11
RUS;2004;Summer;Canoeing;5;-5
USA;2016;Summer;Diving;5;9
BEL;2008;Summer;Athletics;5;10
CHN;2016;Summer;Fencing;5;11
CHN;2016;Summer;Badminton;5;11
GRE;2004;Summer;Athletics;5;15
GRE;2000;Summer;Weightlifting;5;15
CHN;2004;Summer;Judo;5;11
FRA;2014;Winter;Freestyle Skiing;5;11
JPN;2010;Winter;Speed Skating;5;11
AUT;2014;Winter;Biathlon;5;6
KOR;2016;Summer;Taekwondo;5;12
BLR;2000;Summer;Athletics;5;6
KOR;2000;Summer;Judo;5;12
RUS;2004;Summer;Cycling;5;-5
AUS;2000;Summer;Equestrianism;5;22
AUT;2014;Winter;Ski Jumping;5;6
NZL;2016;Summer;Rowing;5;11
KOR;2012;Summer;Shooting;5;12
FRA;2004;Summer;Cycling;5;11
GER;2014;Winter;Biathlon;5;9
CHN;2008;Summer;Fencing;5;11
USA;2010;Winter;Snowboarding;5;9
TUR;2004;Summer;Weightlifting;5;11
KAZ;2008;Summer;Wrestling;5;6
FRA;2016;Summer;Judo;5;11
KOR;2010;Winter;Speed Skating;5;12
ROU;2000;Summer;Athletics;5;9
FRA;2002;Winter;Biathlon;5;11
USA;2014;Winter;Alpine Skiing;5;9
KOR;2000;Summer;Badminton;4;12
BRA;2004;Summer;Beach Volleyball;4;25
ESP;2008;Summer;Sailing;4;13
NED;2000;Summer;Cycling;4;9
DEN;2004;Summer;Sailing;4;8
DEN;2004;Summer;Rowing;4;8
ESP;2008;Summer;Canoeing;4;13
KAZ;2000;Summer;Boxing;4;6
JPN;2012;Summer;Fencing;4;11
BRA;2000;Summer;Swimming;4;25
SUI;2008;Summer;Cycling;4;15
ITA;2006;Winter;Short Track Speed Skating;4;13
SWE;2006;Winter;Curling;4;19
SUI;2008;Summer;Equestrianism;4;15
BLR;2000;Summer;Shooting;4;6
UKR;2008;Summer;Fencing;4;8
KAZ;2012;Summer;Weightlifting;4;6
BLR;2016;Summer;Canoeing;4;6
FRA;2008;Summer;Judo;4;11
KAZ;2012;Summer;Boxing;4;6
EST;2016;Summer;Rowing;4;5
FRA;2008;Summer;Sailing;4;11
AUS;2016;Summer;Equestrianism;4;22
FRA;2012;Summer;Tennis;4;11
DEN;2012;Summer;Badminton;4;8
THA;2004;Summer;Weightlifting;4;26
UKR;2012;Summer;Rowing;4;8
SUI;2006;Winter;Curling;4;15
SWE;2010;Winter;Curling;4;19
BRA;2000;Summer;Equestrianism;4;25
BLR;2014;Winter;Biathlon;4;6
THA;2016;Summer;Weightlifting;4;26
SUI;2006;Winter;Snowboarding;4;15
KAZ;2008;Summer;Weightlifting;4;6
SUI;2016;Summer;Rowing;4;15
UKR;2000;Summer;Swimming;4;8
ITA;2014;Winter;Biathlon;4;13
KOR;2008;Summer;Judo;4;12
BAH;2012;Summer;Athletics;4;25
GBR;2000;Summer;Equestrianism;4;12
KOR;2008;Summer;Taekwondo;4;12
BRA;2012;Summer;Judo;4;25
KSA;2012;Summer;Equestrianism;4;25
FIN;2012;Summer;Sailing;4;2
FIN;2006;Winter;Nordic Combined;4;2
FRA;2002;Winter;Alpine Skiing;4;11
BRA;2008;Summer;Sailing;4;25
AZE;2008;Summer;Wrestling;4;12
SUI;2002;Winter;Cross Country Skiing;4;15
FRA;2016;Summer;Sailing;4;11
USA;2000;Summer;Archery;4;9
SVK;2000;Summer;Canoeing;4;7
ITA;2016;Summer;Swimming;4;13
KOR;2014;Winter;Speed Skating;4;12
BRA;2016;Summer;Canoeing;4;25
AUT;2014;Winter;Nordic Combined;4;6
BRA;2016;Summer;Beach Volleyball;4;25
AUT;2010;Winter;Alpine Skiing;4;6
SWE;2004;Summer;Equestrianism;4;19
BUL;2008;Summer;Wrestling;4;11
MAR;2000;Summer;Athletics;4;17
ESP;2012;Summer;Sailing;4;13
KOR;2000;Summer;Taekwondo;4;12
LTU;2016;Summer;Rowing;4;6
SUI;2010;Winter;Curling;4;15
KOR;2000;Summer;Wrestling;4;12
UKR;2004;Summer;Rowing;4;8
SWE;2006;Winter;Alpine Skiing;4;19
BRA;2012;Summer;Beach Volleyball;4;25
FRA;2014;Winter;Cross Country Skiing;4;11
FRA;2014;Winter;Biathlon;4;11
UKR;2004;Summer;Canoeing;4;8
JPN;2012;Summer;Archery;4;11
LAT;2014;Winter;Bobsleigh;4;6
KOR;2004;Summer;Table Tennis;4;12
KOR;2004;Summer;Taekwondo;4;12
JPN;2008;Summer;Athletics;4;11
FRA;2004;Summer;Rowing;4;11
BRA;2008;Summer;Beach Volleyball;4;25
FIN;2006;Winter;Curling;4;2
FRA;2016;Summer;Canoeing;4;11
ITA;2008;Summer;Rowing;4;13
RUS;2016;Summer;Shooting;4;-5
USA;2008;Summer;Beach Volleyball;4;9
NOR;2010;Winter;Curling;4;2
NOR;2010;Winter;Alpine Skiing;4;2
RUS;2014;Winter;Snowboarding;4;-5
RUS;2016;Summer;Boxing;4;-5
RUS;2016;Summer;Cycling;4;-5
CUB;2012;Summer;Boxing;4;25
CHN;2016;Summer;Boxing;4;11
USA;2006;Winter;Curling;4;9
RUS;2000;Summer;Rowing;4;-5
CHN;2012;Summer;Trampolining;4;11
CZE;2004;Summer;Rowing;4;4
INA;2004;Summer;Badminton;4;26
NOR;2016;Summer;Rowing;4;2
RUS;2016;Summer;Swimming;4;-5
NOR;2002;Winter;Alpine Skiing;4;2
RUS;2000;Summer;Cycling;4;-5
GER;2010;Winter;Nordic Combined;4;9
GER;2016;Summer;Shooting;4;9
USA;2016;Summer;Archery;4;9
GER;2010;Winter;Ski Jumping;4;9
CHN;2000;Summer;Judo;4;11
USA;2004;Summer;Sailing;4;9
USA;2004;Summer;Beach Volleyball;4;9
CHN;2012;Summer;Cycling;4;11
GRE;2000;Summer;Athletics;4;15
NZL;2016;Summer;Athletics;4;11
USA;2014;Winter;Short Track Speed Skating;4;9
AUS;2000;Summer;Diving;4;22
RUS;2004;Summer;Rowing;4;-5
CRO;2002;Winter;Alpine Skiing;4;11
RUS;2006;Winter;Bobsleigh;4;-5
GER;2008;Summer;Diving;4;9
POL;2000;Summer;Fencing;4;8
POL;2000;Summer;Athletics;4;8
USA;2012;Summer;Wrestling;4;9
USA;2012;Summer;Shooting;4;9
GER;2004;Summer;Judo;4;9
NOR;2010;Winter;Ski Jumping;4;2
USA;2012;Summer;Beach Volleyball;4;9
CHI;2004;Summer;Tennis;4;8
NZL;2012;Summer;Sailing;4;11
RUS;2008;Summer;Cycling;4;-5
RUS;2008;Summer;Fencing;4;-5
CRO;2012;Summer;Rowing;4;11
RUS;2008;Summer;Shooting;4;-5
USA;2010;Winter;Freestyle Skiing;4;9
POL;2008;Summer;Fencing;4;8
RUS;2002;Winter;Cross Country Skiing;4;-5
USA;2008;Summer;Tennis;4;9
GER;2008;Summer;Shooting;4;9
SUI;2002;Winter;Bobsleigh;4;15
RSA;2016;Summer;Athletics;4;18
USA;2012;Summer;Fencing;4;9
GER;2014;Winter;Cross Country Skiing;4;9
PRK;2016;Summer;Weightlifting;4;6
GER;2012;Summer;Table Tennis;4;9
NED;2004;Summer;Judo;4;9
ROU;2012;Summer;Fencing;4;9
DEN;2000;Summer;Rowing;4;8
GBR;2016;Summer;Sailing;4;12
IRI;2012;Summer;Weightlifting;4;17
AUS;2008;Summer;Athletics;4;22
SUI;2000;Summer;Equestrianism;4;15
ALG;2000;Summer;Athletics;4;23
CHN;2008;Summer;Boxing;4;11
NED;2012;Summer;Sailing;4;9
RSA;2012;Summer;Rowing;4;18
NED;2008;Summer;Equestrianism;4;9
USA;2000;Summer;Boxing;4;9
ROU;2016;Summer;Fencing;4;9
IRL;2012;Summer;Boxing;4;9
CHN;2008;Summer;Judo;4;11
USA;2000;Summer;Tennis;4;9
CHN;2010;Winter;Figure Skating;4;11
ITA;2000;Summer;Judo;4;13
ITA;2000;Summer;Cycling;4;13
CHN;2012;Summer;Archery;4;11
ITA;2000;Summer;Canoeing;4;13
USA;2002;Winter;Luge;4;9
SGP;2012;Summer;Table Tennis;4;26
SLO;2002;Winter;Ski Jumping;4;9
CAN;2004;Summer;Rowing;4;-5
ZIM;2008;Summer;Swimming;4;21
ROU;2000;Summer;Swimming;4;9
SUI;2000;Summer;Fencing;4;15
CHN;2010;Winter;Curling;4;11
PRK;2012;Summer;Weightlifting;4;6
GEO;2008;Summer;Wrestling;4;6
CHN;2008;Summer;Beach Volleyball;4;11
CAN;2012;Summer;Diving;4;-5
GER;2012;Summer;Judo;4;9
CHN;2006;Winter;Figure Skating;4;11
NED;2004;Summer;Cycling;4;9
ARG;2000;Summer;Sailing;4;15
TPE;2016;Summer;Archery;3;10
BLR;2008;Summer;Rowing;3;6
AUS;2000;Summer;Athletics;3;22
BLR;2008;Summer;Weightlifting;3;6
GER;2014;Winter;Alpine Skiing;3;9
THA;2004;Summer;Boxing;3;26
USA;2016;Summer;Boxing;3;9
GRE;2008;Summer;Sailing;3;15
TPE;2004;Summer;Taekwondo;3;10
UZB;2016;Summer;Wrestling;3;12
GER;2016;Summer;Cycling;3;9
UZB;2004;Summer;Wrestling;3;12
JPN;2012;Summer;Table Tennis;3;11
GER;2016;Summer;Athletics;3;9
BLR;2004;Summer;Rowing;3;6
UZB;2000;Summer;Boxing;3;12
USA;2016;Summer;Wrestling;3;9
BEL;2000;Summer;Cycling;3;10
GER;2012;Summer;Gymnastics;3;9
ZIM;2004;Summer;Swimming;3;21
GER;2010;Winter;Alpine Skiing;3;9
GER;2008;Summer;Table Tennis;3;9
JPN;2016;Summer;Badminton;3;11
BLR;2004;Summer;Weightlifting;3;6
GRE;2004;Summer;Sailing;3;15
ARM;2008;Summer;Weightlifting;3;7
GER;2008;Summer;Swimming;3;9
USA;2016;Summer;Shooting;3;9
JPN;2014;Winter;Snowboarding;3;11
GEO;2016;Summer;Wrestling;3;6
GER;2000;Summer;Diving;3;9
ITA;2006;Winter;Luge;3;13
GBR;2016;Summer;Taekwondo;3;12
IRI;2004;Summer;Wrestling;3;17
GBR;2016;Summer;Triathlon;3;12
AUS;2016;Summer;Canoeing;3;22
USA;2002;Winter;Freestyle Skiing;3;9
AUS;2016;Summer;Archery;3;22
GER;2000;Summer;Archery;3;9
ITA;2008;Summer;Archery;3;13
UKR;2004;Summer;Swimming;3;8
ITA;2008;Summer;Boxing;3;13
USA;2002;Winter;Short Track Speed Skating;3;9
ITA;2016;Summer;Diving;3;13
GEO;2000;Summer;Wrestling;3;6
ITA;2004;Summer;Canoeing;3;13
GBR;2012;Summer;Tennis;3;12
GBR;2012;Summer;Swimming;3;12
UKR;2016;Summer;Canoeing;3;8
ITA;2002;Winter;Alpine Skiing;3;13
AUS;2012;Summer;Athletics;3;22
USA;2002;Winter;Figure Skating;3;9
UKR;2012;Summer;Canoeing;3;8
USA;2002;Winter;Skeleton;3;9
AUS;2008;Summer;Diving;3;22
SWE;2016;Summer;Swimming;3;19
UKR;2008;Summer;Shooting;3;8
IRL;2008;Summer;Boxing;3;9
USA;2000;Summer;Shooting;3;9
ITA;2004;Summer;Shooting;3;13
ITA;2004;Summer;Athletics;3;13
USA;2010;Winter;Figure Skating;3;9
ITA;2008;Summer;Canoeing;3;13
HUN;2008;Summer;Swimming;3;11
AUS;2000;Summer;Shooting;3;22
USA;2008;Summer;Taekwondo;3;9
GBR;2016;Summer;Boxing;3;12
USA;2006;Winter;Figure Skating;3;9
AUT;2010;Winter;Luge;3;6
HUN;2012;Summer;Swimming;3;11
USA;2012;Summer;Archery;3;9
TUR;2004;Summer;Wrestling;3;11
GER;2004;Summer;Shooting;3;9
JPN;2004;Summer;Cycling;3;11
AZE;2016;Summer;Taekwondo;3;12
FRA;2016;Summer;Cycling;3;11
USA;2008;Summer;Wrestling;3;9
UKR;2004;Summer;Archery;3;8
AUT;2000;Summer;Sailing;3;6
AUS;2004;Summer;Canoeing;3;22
USA;2004;Summer;Shooting;3;9
ITA;2008;Summer;Shooting;3;13
UKR;2004;Summer;Athletics;3;8
UKR;2000;Summer;Archery;3;8
GBR;2008;Summer;Boxing;3;12
AUS;2000;Summer;Canoeing;3;22
ITA;2012;Summer;Archery;3;13
INA;2000;Summer;Weightlifting;3;26
ITA;2012;Summer;Boxing;3;13
AUT;2004;Summer;Sailing;3;6
GBR;2004;Summer;Canoeing;3;12
HUN;2012;Summer;Wrestling;3;11
GBR;2008;Summer;Canoeing;3;12
CAN;2012;Summer;Cycling;3;-5
DEN;2000;Summer;Sailing;3;8
CAN;2004;Summer;Diving;3;-5
CAN;2006;Winter;Cross Country Skiing;3;-5
CAN;2006;Winter;Skeleton;3;-5
NED;2012;Summer;Cycling;3;9
CAN;2010;Winter;Figure Skating;3;-5
CAN;2010;Winter;Freestyle Skiing;3;-5
SUI;2014;Winter;Snowboarding;3;15
CAN;2012;Summer;Canoeing;3;-5
BLR;2012;Summer;Tennis;3;6
CZE;2010;Winter;Speed Skating;3;4
CAN;2012;Summer;Swimming;3;-5
CZE;2008;Summer;Shooting;3;4
SGP;2008;Summer;Table Tennis;3;26
CZE;2006;Winter;Cross Country Skiing;3;4
NOR;2000;Summer;Sailing;3;2
CZE;2004;Summer;Athletics;3;4
CZE;2000;Summer;Canoeing;3;4
CAN;2010;Winter;Snowboarding;3;-5
CAN;2000;Summer;Diving;3;-5
BUL;2000;Summer;Weightlifting;3;11
SUI;2014;Winter;Alpine Skiing;3;15
EST;2006;Winter;Cross Country Skiing;3;5
EST;2002;Winter;Cross Country Skiing;3;5
ESP;2012;Summer;Taekwondo;3;13
MAR;2004;Summer;Athletics;3;17
ESP;2012;Summer;Canoeing;3;13
SUI;2010;Winter;Alpine Skiing;3;15
SWE;2004;Summer;Athletics;3;19
ESP;2004;Summer;Athletics;3;13
CAN;2004;Summer;Canoeing;3;-5
EGY;2004;Summer;Boxing;3;22
DEN;2016;Summer;Sailing;3;8
SUI;2006;Winter;Alpine Skiing;3;15
DEN;2016;Summer;Badminton;3;8
DEN;2012;Summer;Sailing;3;8
SUI;2004;Summer;Cycling;3;15
DEN;2008;Summer;Equestrianism;3;8
CUB;2012;Summer;Judo;3;25
ESP;2008;Summer;Tennis;3;13
RUS;2000;Summer;Judo;3;-5
NOR;2004;Summer;Canoeing;3;2
CHN;2016;Summer;Trampolining;3;11
POL;2010;Winter;Cross Country Skiing;3;8
POL;2010;Winter;Speed Skating;3;8
CHN;2016;Summer;Rowing;3;11
RUS;2000;Summer;Weightlifting;3;-5
CHN;2004;Summer;Gymnastics;3;11
ITA;2000;Summer;Archery;3;13
COL;2012;Summer;Cycling;3;25
CHN;2012;Summer;Taekwondo;3;11
CHN;2004;Summer;Archery;3;11
RSA;2016;Summer;Swimming;3;18
RSA;2012;Summer;Swimming;3;18
CHN;2012;Summer;Boxing;3;11
CHN;2010;Winter;Freestyle Skiing;3;11
PRK;2008;Summer;Judo;3;6
CHN;2008;Summer;Wrestling;3;11
CHN;2008;Summer;Trampolining;3;11
RSA;2000;Summer;Athletics;3;18
POL;2016;Summer;Canoeing;3;8
RUS;2010;Winter;Figure Skating;3;-5
CAN;2002;Winter;Speed Skating;3;-5
CAN;2016;Summer;Diving;3;-5
RUS;2016;Summer;Judo;3;-5
RUS;2016;Summer;Archery;3;-5
CUB;2004;Summer;Wrestling;3;25
RUS;2012;Summer;Tennis;3;-5
NOR;2014;Winter;Alpine Skiing;3;2
RUS;2012;Summer;Diving;3;-5
POL;2004;Summer;Swimming;3;8
CUB;2000;Summer;Canoeing;3;25
CUB;2016;Summer;Wrestling;3;25
CRO;2016;Summer;Sailing;3;11
CRO;2016;Summer;Rowing;3;11
RUS;2008;Summer;Tennis;3;-5
CRO;2016;Summer;Athletics;3;11
NZL;2016;Summer;Canoeing;3;11
NZL;2016;Summer;Cycling;3;11
RUS;2008;Summer;Boxing;3;-5
CRO;2006;Winter;Alpine Skiing;3;11
CUB;2000;Summer;Fencing;3;25
BLR;2016;Summer;Wrestling;3;6
KOR;2016;Summer;Judo;3;12
KOR;2012;Summer;Table Tennis;3;12
FRA;2008;Summer;Archery;3;11
FRA;2000;Summer;Canoeing;3;11
KAZ;2004;Summer;Wrestling;3;6
FRA;2008;Summer;Boxing;3;11
KOR;2004;Summer;Shooting;3;12
KAZ;2016;Summer;Wrestling;3;6
KOR;2004;Summer;Judo;3;12
KOR;2012;Summer;Judo;3;12
SVK;2010;Winter;Biathlon;3;7
BRA;2016;Summer;Judo;3;25
SVK;2012;Summer;Canoeing;3;7
BRA;2016;Summer;Gymnastics;3;25
BRA;2000;Summer;Sailing;3;25
KAZ;2012;Summer;Wrestling;3;6
BRA;2004;Summer;Sailing;3;25
BRA;2008;Summer;Judo;3;25
ROU;2004;Summer;Athletics;3;9
FRA;2004;Summer;Sailing;3;11
BRA;2012;Summer;Boxing;3;25
SWE;2012;Summer;Sailing;3;19
KAZ;2004;Summer;Boxing;3;6
FRA;2004;Summer;Canoeing;3;11
POL;2016;Summer;Athletics;3;8
FRA;2002;Winter;Snowboarding;3;11
KOR;2008;Summer;Weightlifting;3;12
FRA;2008;Summer;Canoeing;3;11
FRA;2010;Winter;Snowboarding;3;11
CHN;2002;Winter;Figure Skating;2;11
CRO;2008;Summer;Taekwondo;2;11
CRO;2004;Summer;Tennis;2;11
CRO;2010;Winter;Alpine Skiing;2;11
BLR;2004;Summer;Boxing;2;6
GER;2004;Summer;Tennis;2;9
BLR;2004;Summer;Canoeing;2;6
CRO;2004;Summer;Rowing;2;11
GER;2004;Summer;Trampolining;2;9
CHN;2004;Summer;Athletics;2;11
FRA;2008;Summer;Athletics;2;11
BLR;2000;Summer;Weightlifting;2;6
CAN;2016;Summer;Rowing;2;-5
CZE;2002;Winter;Cross Country Skiing;2;4
GER;2000;Summer;Weightlifting;2;9
CZE;2000;Summer;Shooting;2;4
CZE;2000;Summer;Athletics;2;4
BEL;2000;Summer;Judo;2;10
CUB;2012;Summer;Wrestling;2;25
AUS;2000;Summer;Tennis;2;22
AUS;2000;Summer;Taekwondo;2;22
BEL;2000;Summer;Tennis;2;10
BRA;2004;Summer;Judo;2;25
FRA;2014;Winter;Snowboarding;2;11
FRA;2014;Winter;Alpine Skiing;2;11
CUB;2004;Summer;Canoeing;2;25
BEL;2016;Summer;Cycling;2;10
GER;2004;Summer;Athletics;2;9
FRA;2004;Summer;Taekwondo;2;11
GER;2004;Summer;Boxing;2;9
CUB;2000;Summer;Taekwondo;2;25
FRA;2004;Summer;Wrestling;2;11
CRC;2000;Summer;Swimming;2;25
FRA;2006;Winter;Alpine Skiing;2;11
GER;2004;Summer;Diving;2;9
CUB;2012;Summer;Athletics;2;25
BLR;2010;Winter;Biathlon;2;6
CHN;2012;Summer;Rowing;2;11
CHN;2012;Summer;Judo;2;11
CHN;2004;Summer;Taekwondo;2;11
ARG;2016;Summer;Sailing;2;15
ARG;2012;Summer;Sailing;2;15
ARG;2008;Summer;Sailing;2;15
ARG;2008;Summer;Cycling;2;15
BLR;2008;Summer;Wrestling;2;6
GER;2012;Summer;Beach Volleyball;2;9
CHN;2004;Summer;Tennis;2;11
CHN;2016;Summer;Wrestling;2;11
ARG;2004;Summer;Sailing;2;15
BLR;2012;Summer;Weightlifting;2;6
ALG;2016;Summer;Athletics;2;23
BLR;2012;Summer;Swimming;2;6
CHN;2006;Winter;Freestyle Skiing;2;11
ALG;2008;Summer;Judo;2;23
CHN;2008;Summer;Tennis;2;11
CHN;2008;Summer;Taekwondo;2;11
FRA;2012;Summer;Canoeing;2;11
CHN;2006;Winter;Speed Skating;2;11
CHN;2008;Summer;Sailing;2;11
CHN;2008;Summer;Athletics;2;11
CHN;2008;Summer;Canoeing;2;11
ARG;2004;Summer;Tennis;2;15
CHN;2016;Summer;Judo;2;11
COL;2016;Summer;Cycling;2;25
COL;2016;Summer;Boxing;2;25
BRA;2000;Summer;Judo;2;25
FRA;2012;Summer;Taekwondo;2;11
CIV;2016;Summer;Taekwondo;2;10
CHN;2004;Summer;Canoeing;2;11
GER;2008;Summer;Fencing;2;9
AUS;2000;Summer;Beach Volleyball;2;22
GER;2008;Summer;Gymnastics;2;9
CHN;2016;Summer;Taekwondo;2;11
FRA;2012;Summer;Shooting;2;11
ARM;2008;Summer;Wrestling;2;7
ARM;2016;Summer;Wrestling;2;7
GER;2010;Winter;Skeleton;2;9
BLR;2016;Summer;Weightlifting;2;6
CHN;2016;Summer;Cycling;2;11
FRA;2008;Summer;Gymnastics;2;11
ARM;2016;Summer;Weightlifting;2;7
FRA;2012;Summer;Rowing;2;11
ARM;2012;Summer;Wrestling;2;7
GER;2010;Winter;Figure Skating;2;9
CHN;2014;Winter;Freestyle Skiing;2;11
BLR;2014;Winter;Freestyle Skiing;2;6
FRA;2008;Summer;Wrestling;2;11
COL;2016;Summer;Weightlifting;2;25
GER;2008;Summer;Sailing;2;9
ESP;2004;Summer;Beach Volleyball;2;13
BUL;2004;Summer;Shooting;2;11
ESP;2016;Summer;Athletics;2;13
BUL;2004;Summer;Weightlifting;2;11
GBR;2000;Summer;Badminton;2;12
ESP;2012;Summer;Swimming;2;13
FRA;2000;Summer;Gymnastics;2;11
CAN;2000;Summer;Canoeing;2;-5
ESP;2004;Summer;Tennis;2;13
AUS;2016;Summer;Diving;2;22
ESP;2004;Summer;Gymnastics;2;13
CAN;2014;Winter;Snowboarding;2;-5
AUS;2016;Summer;Athletics;2;22
ESP;2016;Summer;Tennis;2;13
AUT;2010;Winter;Snowboarding;2;6
ESP;2000;Summer;Tennis;2;13
BRA;2012;Summer;Swimming;2;25
AUS;2014;Winter;Freestyle Skiing;2;22
ESP;2000;Summer;Cycling;2;13
EGY;2016;Summer;Weightlifting;2;22
AUT;2014;Winter;Luge;2;6
DOM;2012;Summer;Athletics;2;25
FRA;2000;Summer;Shooting;2;11
CAN;2000;Summer;Tennis;2;-5
CAN;2000;Summer;Trampolining;2;-5
ESP;2004;Summer;Canoeing;2;13
GBR;2000;Summer;Canoeing;2;12
GBR;2000;Summer;Modern Pentathlon;2;12
FIN;2008;Summer;Shooting;2;2
FIN;2008;Summer;Rowing;2;2
BRN;2016;Summer;Athletics;2;27
FIN;2006;Winter;Cross Country Skiing;2;2
AUT;2006;Winter;Luge;2;6
GBR;2000;Summer;Shooting;2;12
BUL;2000;Summer;Gymnastics;2;11
FIN;2000;Summer;Sailing;2;2
BUL;2000;Summer;Shooting;2;11
BRA;2016;Summer;Sailing;2;25
ESP;2016;Summer;Swimming;2;13
AUT;2004;Summer;Swimming;2;6
ESP;2016;Summer;Taekwondo;2;13
BUL;2000;Summer;Wrestling;2;11
BUL;2002;Winter;Short Track Speed Skating;2;11
GBR;2004;Summer;Diving;2;12
BUL;2004;Summer;Gymnastics;2;11
BUL;2004;Summer;Rowing;2;11
EST;2008;Summer;Rowing;2;5
AUT;2002;Winter;Cross Country Skiing;2;6
GBR;2004;Summer;Swimming;2;12
FRA;2000;Summer;Boxing;2;11
EST;2000;Summer;Judo;2;5
GBR;2012;Summer;Judo;2;12
GBR;2004;Summer;Badminton;2;12
GEO;2004;Summer;Judo;2;6
AUT;2014;Winter;Snowboarding;2;6
CZE;2014;Winter;Speed Skating;2;4
AZE;2016;Summer;Boxing;2;12
AZE;2016;Summer;Canoeing;2;12
AUS;2004;Summer;Shooting;2;22
AZE;2016;Summer;Judo;2;12
BRA;2012;Summer;Sailing;2;25
GBR;2016;Summer;Shooting;2;12
CZE;2012;Summer;Tennis;2;4
CZE;2012;Summer;Rowing;2;4
FRA;2002;Winter;Figure Skating;2;11
CAN;2008;Summer;Trampolining;2;-5
BAH;2004;Summer;Athletics;2;25
AZE;2012;Summer;Boxing;2;12
GEO;2016;Summer;Judo;2;6
GEO;2016;Summer;Weightlifting;2;6
CAN;2012;Summer;Wrestling;2;-5
CZE;2008;Summer;Canoeing;2;4
CAN;2014;Winter;Bobsleigh;2;-5
GER;2000;Summer;Beach Volleyball;2;9
BUL;2000;Summer;Canoeing;2;11
CZE;2004;Summer;Shooting;2;4
DEN;2004;Summer;Badminton;2;8
CAN;2014;Winter;Speed Skating;2;-5
CZE;2004;Summer;Canoeing;2;4
CZE;2012;Summer;Athletics;2;4
CAN;2004;Summer;Cycling;2;-5
BRA;2008;Summer;Swimming;2;25
AUS;2010;Winter;Freestyle Skiing;2;22
DEN;2008;Summer;Sailing;2;8
AUS;2008;Summer;Triathlon;2;22
CAN;2002;Winter;Figure Skating;2;-5
FRA;2016;Summer;Shooting;2;11
DEN;2008;Summer;Canoeing;2;8
CAN;2002;Winter;Freestyle Skiing;2;-5
GBR;2012;Summer;Taekwondo;2;12
DEN;2004;Summer;Table Tennis;2;8
AUT;2016;Summer;Sailing;2;6
CAN;2008;Summer;Wrestling;2;-5
AZE;2004;Summer;Shooting;2;12
FRA;2000;Summer;Synchronized Swimming;2;11
DEN;2004;Summer;Athletics;2;8
GBR;2012;Summer;Triathlon;2;12
AZE;2008;Summer;Judo;2;12
FRA;2000;Summer;Table Tennis;2;11
CAN;2004;Summer;Sailing;2;-5
GBR;2016;Summer;Badminton;2;12
CAN;2006;Winter;Bobsleigh;2;-5
CAN;2008;Summer;Athletics;2;-5
CAN;2008;Summer;Canoeing;2;-5
AUS;2006;Winter;Freestyle Skiing;2;22
CAN;2008;Summer;Diving;2;-5
AZE;2004;Summer;Boxing;2;12
NZL;2008;Summer;Athletics;2;11
POL;2012;Summer;Sailing;2;8
POL;2012;Summer;Rowing;2;8
POL;2012;Summer;Canoeing;2;8
POL;2012;Summer;Athletics;2;8
POL;2010;Winter;Ski Jumping;2;8
POL;2008;Summer;Canoeing;2;8
POL;2008;Summer;Athletics;2;8
POL;2004;Summer;Rowing;2;8
POL;2004;Summer;Canoeing;2;8
NOR;2000;Summer;Canoeing;2;2
POL;2000;Summer;Rowing;2;8
POL;2016;Summer;Cycling;2;8
NZL;2004;Summer;Triathlon;2;11
NZL;2004;Summer;Rowing;2;11
NZL;2000;Summer;Sailing;2;11
NOR;2010;Winter;Freestyle Skiing;2;2
NOR;2008;Summer;Swimming;2;2
NOR;2008;Summer;Athletics;2;2
NOR;2006;Winter;Nordic Combined;2;2
NOR;2002;Winter;Speed Skating;2;2
RUS;2012;Summer;Taekwondo;2;-5
POL;2002;Winter;Ski Jumping;2;8
RSA;2000;Summer;Swimming;2;18
JPN;2004;Summer;Athletics;2;11
RUS;2012;Summer;Badminton;2;-5
RUS;2010;Winter;Speed Skating;2;-5
RUS;2010;Winter;Bobsleigh;2;-5
RUS;2008;Summer;Gymnastics;2;-5
RUS;2000;Summer;Trampolining;2;-5
RUS;2000;Summer;Tennis;2;-5
RUS;2000;Summer;Swimming;2;-5
RSA;2016;Summer;Rowing;2;18
POL;2012;Summer;Weightlifting;2;8
RSA;2004;Summer;Athletics;2;18
POL;2014;Winter;Ski Jumping;2;8
ROU;2016;Summer;Tennis;2;9
ROU;2012;Summer;Weightlifting;2;9
ROU;2012;Summer;Judo;2;9
ROU;2008;Summer;Fencing;2;9
ROU;2004;Summer;Swimming;2;9
ROU;2000;Summer;Boxing;2;9
PRK;2008;Summer;Weightlifting;2;6
POR;2012;Summer;Canoeing;2;15
POR;2004;Summer;Athletics;2;15
NOR;2000;Summer;Athletics;2;2
RSA;2004;Summer;Rowing;2;18
KOR;2000;Summer;Gymnastics;2;12
KOR;2016;Summer;Badminton;2;12
KOR;2012;Summer;Taekwondo;2;12
KOR;2012;Summer;Swimming;2;12
KOR;2012;Summer;Badminton;2;12
KOR;2008;Summer;Swimming;2;12
KOR;2008;Summer;Shooting;2;12
KOR;2004;Summer;Wrestling;2;12
KOR;2004;Summer;Weightlifting;2;12
KOR;2004;Summer;Gymnastics;2;12
NOR;2000;Summer;Rowing;2;2
KOR;2000;Summer;Table Tennis;2;12
LAT;2010;Winter;Luge;2;6
KOR;2000;Summer;Fencing;2;12
KGZ;2008;Summer;Wrestling;2;2
KAZ;2016;Summer;Judo;2;6
KAZ;2008;Summer;Boxing;2;6
JPN;2012;Summer;Boxing;2;11
JPN;2012;Summer;Badminton;2;11
JPN;2010;Winter;Figure Skating;2;11
JPN;2008;Summer;Synchronized Swimming;2;11
JPN;2004;Summer;Sailing;2;11
KOR;2004;Summer;Boxing;2;12
MEX;2004;Summer;Taekwondo;2;21
NED;2016;Summer;Swimming;2;9
NED;2016;Summer;Sailing;2;9
NED;2016;Summer;Beach Volleyball;2;9
NED;2012;Summer;Judo;2;9
NED;2000;Summer;Tennis;2;9
MGL;2012;Summer;Judo;2;-1
MGL;2012;Summer;Boxing;2;-1
MGL;2008;Summer;Boxing;2;-1
MEX;2012;Summer;Archery;2;21
KOR;2016;Summer;Fencing;2;12
MEX;2008;Summer;Diving;2;21
KOR;2016;Summer;Shooting;2;12
MEX;2000;Summer;Athletics;2;21
MDA;2012;Summer;Weightlifting;2;9
MAS;2016;Summer;Diving;2;25
MAR;2008;Summer;Athletics;2;17
LTU;2016;Summer;Canoeing;2;6
LTU;2008;Summer;Modern Pentathlon;2;6
LTU;2004;Summer;Athletics;2;6
LTU;2000;Summer;Rowing;2;6
LAT;2012;Summer;Beach Volleyball;2;6
RUS;2014;Winter;Skeleton;2;-5
MEX;2008;Summer;Taekwondo;2;21
UKR;2000;Summer;Diving;2;8
UKR;2012;Summer;Shooting;2;8
UKR;2012;Summer;Fencing;2;8
UKR;2008;Summer;Weightlifting;2;8
UKR;2008;Summer;Diving;2;8
UKR;2008;Summer;Canoeing;2;8
UKR;2008;Summer;Boxing;2;8
UKR;2006;Winter;Figure Skating;2;8
UKR;2004;Summer;Wrestling;2;8
UKR;2004;Summer;Weightlifting;2;8
TPE;2008;Summer;Weightlifting;2;10
UKR;2000;Summer;Sailing;2;8
USA;2000;Summer;Beach Volleyball;2;9
UKR;2000;Summer;Athletics;2;8
TUR;2012;Summer;Taekwondo;2;11
TUR;2012;Summer;Athletics;2;11
TUR;2008;Summer;Wrestling;2;11
TUR;2008;Summer;Taekwondo;2;11
TUR;2000;Summer;Wrestling;2;11
TUN;2012;Summer;Swimming;2;19
TTO;2000;Summer;Athletics;2;26
RUS;2012;Summer;Cycling;2;-5
UKR;2000;Summer;Wrestling;2;8
USA;2008;Summer;Sailing;2;9
VIE;2016;Summer;Shooting;2;24
UZB;2016;Summer;Judo;2;12
UZB;2008;Summer;Wrestling;2;12
UZB;2008;Summer;Judo;2;12
UZB;2004;Summer;Boxing;2;12
USA;2016;Summer;Judo;2;9
USA;2016;Summer;Beach Volleyball;2;9
USA;2014;Winter;Skeleton;2;9
USA;2012;Summer;Taekwondo;2;9
UKR;2012;Summer;Weightlifting;2;8
USA;2012;Summer;Boxing;2;9
UKR;2016;Summer;Gymnastics;2;8
USA;2006;Winter;Bobsleigh;2;9
USA;2006;Winter;Alpine Skiing;2;9
USA;2004;Summer;Taekwondo;2;9
USA;2004;Summer;Fencing;2;9
USA;2004;Summer;Cycling;2;9
USA;2004;Summer;Boxing;2;9
USA;2002;Winter;Alpine Skiing;2;9
USA;2000;Summer;Weightlifting;2;9
USA;2000;Summer;Cycling;2;9
TPE;2008;Summer;Taekwondo;2;10
USA;2012;Summer;Judo;2;9
SLO;2016;Summer;Judo;2;9
SUI;2014;Winter;Bobsleigh;2;15
SUI;2010;Winter;Ski Jumping;2;15
SUI;2008;Summer;Tennis;2;15
SUI;2006;Winter;Skeleton;2;15
SUI;2004;Summer;Beach Volleyball;2;15
SUI;2002;Winter;Snowboarding;2;15
SUI;2002;Winter;Ski Jumping;2;15
SUI;2000;Summer;Triathlon;2;15
SUI;2000;Summer;Cycling;2;15
TPE;2016;Summer;Weightlifting;2;10
SRB;2012;Summer;Shooting;2;11
SUI;2016;Summer;Tennis;2;15
SLO;2014;Winter;Snowboarding;2;9
SLO;2014;Winter;Ski Jumping;2;9
SLO;2014;Winter;Alpine Skiing;2;9
SLO;2012;Summer;Rowing;2;9
SLO;2010;Winter;Alpine Skiing;2;9
SLO;2004;Summer;Rowing;2;9
SLO;2000;Summer;Rowing;2;9
RUS;2016;Summer;Tennis;2;-5
RUS;2016;Summer;Canoeing;2;-5
SRB;2016;Summer;Canoeing;2;11
SWE;2008;Summer;Cycling;2;19
TPE;2000;Summer;Weightlifting;2;10
TPE;2000;Summer;Taekwondo;2;10
THA;2016;Summer;Taekwondo;2;26
THA;2008;Summer;Boxing;2;26
THA;2000;Summer;Boxing;2;26
SWE;2016;Summer;Wrestling;2;19
SWE;2016;Summer;Cycling;2;19
SWE;2012;Summer;Wrestling;2;19
SWE;2010;Winter;Alpine Skiing;2;19
SUI;2014;Winter;Cross Country Skiing;2;15
SWE;2008;Summer;Sailing;2;19
SUI;2016;Summer;Cycling;2;15
SWE;2006;Winter;Biathlon;2;19
SWE;2004;Summer;Sailing;2;19
SWE;2004;Summer;Canoeing;2;19
SWE;2002;Winter;Biathlon;2;19
SWE;2002;Winter;Alpine Skiing;2;19
SWE;2000;Summer;Shooting;2;19
SWE;2000;Summer;Canoeing;2;19
SVK;2012;Summer;Shooting;2;7
SVK;2000;Summer;Swimming;2;7
POL;2000;Summer;Weightlifting;2;8
SWE;2008;Summer;Tennis;2;19
ITA;2016;Summer;Beach Volleyball;2;13
HKG;2004;Summer;Table Tennis;2;10
INA;2008;Summer;Weightlifting;2;26
GRE;2004;Summer;Diving;2;15
ITA;2012;Summer;Taekwondo;2;13
ITA;2014;Winter;Alpine Skiing;2;13
HUN;2012;Summer;Judo;2;11
ITA;2008;Summer;Swimming;2;13
IND;2012;Summer;Wrestling;2;24
ITA;2016;Summer;Cycling;2;13
ITA;2016;Summer;Judo;2;13
GER;2016;Summer;Sailing;2;9
ITA;2004;Summer;Gymnastics;2;13
GER;2016;Summer;Gymnastics;2;9
IRI;2000;Summer;Weightlifting;2;17
IOA;2016;Summer;Shooting;2;10
GRE;2008;Summer;Rowing;2;15
GRE;2016;Summer;Sailing;2;15
GRE;2016;Summer;Shooting;2;15
ITA;2000;Summer;Shooting;2;13
ITA;2000;Summer;Sailing;2;13
INA;2016;Summer;Weightlifting;2;26
GRE;2012;Summer;Rowing;2;15
ITA;2012;Summer;Rowing;2;13
ITA;2002;Winter;Figure Skating;2;13
GRE;2004;Summer;Rowing;2;15
INA;2012;Summer;Weightlifting;2;26
ITA;2000;Summer;Athletics;2;13
ISR;2016;Summer;Judo;2;19
IND;2012;Summer;Shooting;2;24
GRE;2004;Summer;Taekwondo;2;15
IRL;2016;Summer;Rowing;2;9
INA;2016;Summer;Badminton;2;26
GER;2016;Summer;Beach Volleyball;2;9
POL;2004;Summer;Athletics;2;8
ITA;2008;Summer;Sailing;2;13
GER;2014;Winter;Snowboarding;2;9
HUN;2004;Summer;Swimming;2;11
ITA;2008;Summer;Athletics;2;13
IRI;2004;Summer;Taekwondo;2;17
GER;2014;Winter;Figure Skating;2;9
ITA;2006;Winter;Bobsleigh;2;13
IRI;2016;Summer;Weightlifting;2;17
SUI;2010;Winter;Freestyle Skiing;1;15
BUL;2004;Summer;Judo;1;11
SUI;2010;Winter;Snowboarding;1;15
BUL;2004;Summer;Wrestling;1;11
SUI;2012;Summer;Cycling;1;15
BOT;2012;Summer;Athletics;1;22
SUI;2012;Summer;Equestrianism;1;15
BUL;2006;Winter;Short Track Speed Skating;1;11
SWE;2012;Summer;Shooting;1;19
SUI;2012;Summer;Tennis;1;15
BUL;2002;Winter;Biathlon;1;11
SUI;2012;Summer;Triathlon;1;15
SWE;2012;Summer;Equestrianism;1;19
SWE;2010;Winter;Biathlon;1;19
SUI;2014;Winter;Biathlon;1;15
GER;2000;Summer;Taekwondo;1;9
BUL;2000;Summer;Rowing;1;11
BUL;2004;Summer;Boxing;1;11
SWE;2014;Winter;Freestyle Skiing;1;19
SWE;2016;Summer;Equestrianism;1;19
SUI;2004;Summer;Fencing;1;15
SUI;2004;Summer;Triathlon;1;15
CAN;2000;Summer;Taekwondo;1;-5
HUN;2004;Summer;Modern Pentathlon;1;11
SUI;2006;Winter;Figure Skating;1;15
CAN;2000;Summer;Swimming;1;-5
BLR;2016;Summer;Athletics;1;6
SUI;2010;Winter;Cross Country Skiing;1;15
CAN;2000;Summer;Judo;1;-5
BUL;2008;Summer;Rowing;1;11
BLR;2016;Summer;Swimming;1;6
SUI;2008;Summer;Judo;1;15
BUL;2016;Summer;Wrestling;1;11
BLR;2016;Summer;Trampolining;1;6
HUN;2004;Summer;Shooting;1;11
BUL;2016;Summer;Athletics;1;11
BUL;2012;Summer;Wrestling;1;11
BUL;2012;Summer;Boxing;1;11
SWE;2012;Summer;Triathlon;1;19
SUI;2006;Winter;Freestyle Skiing;1;15
SWE;2004;Summer;Wrestling;1;19
SVK;2008;Summer;Wrestling;1;7
INA;2004;Summer;Weightlifting;1;26
BRA;2012;Summer;Modern Pentathlon;1;25
HUN;2008;Summer;Wrestling;1;11
BRA;2004;Summer;Equestrianism;1;25
SVK;2014;Winter;Biathlon;1;7
BRA;2012;Summer;Gymnastics;1;25
SVK;2016;Summer;Athletics;1;7
BUL;2000;Summer;Athletics;1;11
HUN;2016;Summer;Athletics;1;11
BRA;2004;Summer;Athletics;1;25
HUN;2012;Summer;Athletics;1;11
SWE;2000;Summer;Sailing;1;19
HUN;2012;Summer;Fencing;1;11
BRA;2008;Summer;Taekwondo;1;25
HUN;2012;Summer;Modern Pentathlon;1;11
SWE;2000;Summer;Table Tennis;1;19
SWE;2000;Summer;Wrestling;1;19
HUN;2012;Summer;Gymnastics;1;11
SWE;2002;Winter;Cross Country Skiing;1;19
SWE;2000;Summer;Athletics;1;19
SUI;2016;Summer;Triathlon;1;15
GER;2000;Summer;Triathlon;1;9
SVK;2004;Summer;Shooting;1;7
SUI;2016;Summer;Gymnastics;1;15
SWE;2002;Winter;Snowboarding;1;19
BRN;2012;Summer;Athletics;1;27
SUI;2016;Summer;Shooting;1;15
BRA;2016;Summer;Taekwondo;1;25
BRA;2016;Summer;Swimming;1;25
HUN;2004;Summer;Weightlifting;1;11
SVK;2008;Summer;Shooting;1;7
HUN;2004;Summer;Wrestling;1;11
BRA;2016;Summer;Athletics;1;25
GER;2002;Winter;Alpine Skiing;1;9
SWE;2008;Summer;Equestrianism;1;19
SVK;2004;Summer;Judo;1;7
CAN;2000;Summer;Triathlon;1;-5
HUN;2008;Summer;Fencing;1;11
SRI;2000;Summer;Athletics;1;27
BRA;2016;Summer;Boxing;1;25
SVK;2006;Winter;Snowboarding;1;7
GER;2000;Summer;Tennis;1;9
BRA;2016;Summer;Shooting;1;25
RUS;2016;Summer;Taekwondo;1;-5
CAN;2004;Summer;Gymnastics;1;-5
CHI;2008;Summer;Tennis;1;8
RUS;2012;Summer;Shooting;1;-5
GEO;2008;Summer;Judo;1;6
CAN;2016;Summer;Wrestling;1;-5
CAN;2016;Summer;Trampolining;1;-5
RUS;2012;Summer;Trampolining;1;-5
RUS;2014;Winter;Freestyle Skiing;1;-5
GEO;2008;Summer;Shooting;1;6
CAN;2016;Summer;Equestrianism;1;-5
GEO;2004;Summer;Wrestling;1;6
RUS;2016;Summer;Sailing;1;-5
CHN;2000;Summer;Cycling;1;11
GEO;2012;Summer;Judo;1;6
SCG;2000;Summer;Shooting;1;10
SCG;2004;Summer;Shooting;1;10
SGP;2016;Summer;Swimming;1;26
IRI;2000;Summer;Taekwondo;1;17
SLO;2000;Summer;Shooting;1;9
SLO;2004;Summer;Athletics;1;9
SLO;2004;Summer;Judo;1;9
CAN;2014;Winter;Alpine Skiing;1;-5
CAN;2012;Summer;Weightlifting;1;-5
RUS;2016;Summer;Modern Pentathlon;1;-5
RUS;2006;Winter;Freestyle Skiing;1;-5
RUS;2000;Summer;Canoeing;1;-5
RUS;2000;Summer;Modern Pentathlon;1;-5
CHN;2004;Summer;Sailing;1;11
IRI;2004;Summer;Weightlifting;1;17
RUS;2000;Summer;Taekwondo;1;-5
GEO;2000;Summer;Boxing;1;6
GEO;2000;Summer;Judo;1;6
CHN;2004;Summer;Cycling;1;11
RUS;2004;Summer;Modern Pentathlon;1;-5
CHN;2004;Summer;Boxing;1;11
CHN;2000;Summer;Athletics;1;11
RUS;2004;Summer;Trampolining;1;-5
SLO;2008;Summer;Athletics;1;9
RUS;2006;Winter;Luge;1;-5
RUS;2008;Summer;Archery;1;-5
CHN;2000;Summer;Wrestling;1;11
GEO;2000;Summer;Weightlifting;1;6
CHN;2000;Summer;Taekwondo;1;11
RUS;2008;Summer;Modern Pentathlon;1;-5
RUS;2010;Winter;Skeleton;1;-5
RUS;2010;Winter;Snowboarding;1;-5
IRI;2000;Summer;Wrestling;1;17
GEO;2004;Summer;Weightlifting;1;6
RUS;2004;Summer;Swimming;1;-5
SWE;2016;Summer;Golf;1;19
IND;2012;Summer;Badminton;1;24
SRB;2012;Summer;Taekwondo;1;11
SRB;2016;Summer;Athletics;1;11
CAN;2006;Winter;Freestyle Skiing;1;-5
CAN;2006;Winter;Figure Skating;1;-5
IND;2008;Summer;Wrestling;1;24
SRB;2016;Summer;Taekwondo;1;11
SRB;2016;Summer;Wrestling;1;11
CAN;2004;Summer;Wrestling;1;-5
CAN;2004;Summer;Trampolining;1;-5
CAN;2012;Summer;Trampolining;1;-5
SUD;2008;Summer;Athletics;1;27
SRB;2008;Summer;Swimming;1;11
IND;2008;Summer;Shooting;1;24
SUI;2000;Summer;Rowing;1;15
SUI;2000;Summer;Shooting;1;15
IND;2008;Summer;Boxing;1;24
SUI;2002;Winter;Alpine Skiing;1;15
SUI;2002;Winter;Skeleton;1;15
IND;2004;Summer;Shooting;1;24
IND;2000;Summer;Weightlifting;1;24
GER;2000;Summer;Judo;1;9
CAN;2002;Winter;Cross Country Skiing;1;-5
THA;2012;Summer;Boxing;1;26
IND;2016;Summer;Badminton;1;24
CAN;2000;Summer;Wrestling;1;-5
CAN;2012;Summer;Judo;1;-5
SLO;2008;Summer;Judo;1;9
SLO;2008;Summer;Sailing;1;9
SLO;2008;Summer;Shooting;1;9
SLO;2008;Summer;Swimming;1;9
CAN;2012;Summer;Athletics;1;-5
IND;2016;Summer;Wrestling;1;24
SLO;2010;Winter;Cross Country Skiing;1;9
CAN;2010;Winter;Skeleton;1;-5
CAN;2006;Winter;Snowboarding;1;-5
SLO;2012;Summer;Judo;1;9
SRB;2008;Summer;Tennis;1;11
SLO;2012;Summer;Shooting;1;9
SLO;2014;Winter;Biathlon;1;9
SLO;2014;Winter;Cross Country Skiing;1;9
CAN;2008;Summer;Triathlon;1;-5
CAN;2008;Summer;Taekwondo;1;-5
CAN;2008;Summer;Swimming;1;-5
IND;2012;Summer;Boxing;1;24
SLO;2016;Summer;Canoeing;1;9
GER;2000;Summer;Boxing;1;9
SLO;2016;Summer;Sailing;1;9
SLO;2004;Summer;Sailing;1;9
SLO;2012;Summer;Athletics;1;9
USA;2000;Summer;Modern Pentathlon;1;9
AUS;2002;Winter;Freestyle Skiing;1;22
AUS;2008;Summer;Shooting;1;22
UKR;2016;Summer;Modern Pentathlon;1;8
UKR;2016;Summer;Rhythmic Gymnastics;1;8
UKR;2016;Summer;Shooting;1;8
UKR;2016;Summer;Wrestling;1;8
AUS;2008;Summer;Cycling;1;22
URU;2000;Summer;Cycling;1;18
GER;2008;Summer;Triathlon;1;9
USA;2000;Summer;Diving;1;9
UKR;2012;Summer;Wrestling;1;8
AUS;2004;Summer;Tennis;1;22
GRE;2004;Summer;Weightlifting;1;15
USA;2000;Summer;Taekwondo;1;9
GER;2008;Summer;Weightlifting;1;9
GER;2008;Summer;Wrestling;1;9
GRE;2004;Summer;Judo;1;15
USA;2004;Summer;Canoeing;1;9
GRE;2004;Summer;Gymnastics;1;15
USA;2004;Summer;Judo;1;9
GRE;2000;Summer;Wrestling;1;15
USA;2004;Summer;Tennis;1;9
AUS;2004;Summer;Archery;1;22
THA;2008;Summer;Taekwondo;1;26
AUS;2004;Summer;Triathlon;1;22
UKR;2008;Summer;Cycling;1;8
UKR;2004;Summer;Judo;1;8
UKR;2004;Summer;Rhythmic Gymnastics;1;8
UKR;2004;Summer;Shooting;1;8
AUS;2016;Summer;Modern Pentathlon;1;22
UKR;2004;Summer;Trampolining;1;8
GRE;2016;Summer;Athletics;1;15
UKR;2006;Winter;Biathlon;1;8
GRE;2012;Summer;Judo;1;15
UKR;2008;Summer;Archery;1;8
AUS;2014;Winter;Snowboarding;1;22
UKR;2016;Summer;Athletics;1;8
AUS;2012;Summer;Triathlon;1;22
USA;2004;Summer;Triathlon;1;9
GER;2008;Summer;Judo;1;9
UKR;2008;Summer;Gymnastics;1;8
UKR;2008;Summer;Judo;1;8
AUS;2012;Summer;Diving;1;22
UKR;2008;Summer;Modern Pentathlon;1;8
UKR;2008;Summer;Rhythmic Gymnastics;1;8
GER;2008;Summer;Modern Pentathlon;1;9
GRE;2008;Summer;Athletics;1;15
AUS;2010;Winter;Snowboarding;1;22
UKR;2012;Summer;Gymnastics;1;8
GRE;2004;Summer;Wrestling;1;15
GRE;2008;Summer;Taekwondo;1;15
VEN;2004;Summer;Weightlifting;1;25
AUS;2002;Winter;Short Track Speed Skating;1;22
GER;2016;Summer;Archery;1;9
ARG;2012;Summer;Tennis;1;15
ARG;2012;Summer;Taekwondo;1;15
UZB;2008;Summer;Trampolining;1;12
UZB;2012;Summer;Boxing;1;12
ARG;2008;Summer;Judo;1;15
UZB;2012;Summer;Judo;1;12
UZB;2012;Summer;Wrestling;1;12
UZB;2016;Summer;Weightlifting;1;12
UZB;2008;Summer;Gymnastics;1;12
ARG;2004;Summer;Swimming;1;15
ARG;2016;Summer;Tennis;1;15
VEN;2008;Summer;Taekwondo;1;25
VEN;2012;Summer;Fencing;1;25
VEN;2016;Summer;Athletics;1;25
VEN;2016;Summer;Boxing;1;25
VEN;2016;Summer;Cycling;1;25
VIE;2000;Summer;Taekwondo;1;24
ALG;2012;Summer;Athletics;1;23
VIE;2008;Summer;Weightlifting;1;24
ALG;2000;Summer;Boxing;1;23
GER;2012;Summer;Taekwondo;1;9
AFG;2012;Summer;Taekwondo;1;13
VEN;2004;Summer;Taekwondo;1;25
GER;2016;Summer;Diving;1;9
AUS;2000;Summer;Triathlon;1;22
AUS;2000;Summer;Trampolining;1;22
GRE;2000;Summer;Taekwondo;1;15
GRE;2000;Summer;Gymnastics;1;15
USA;2006;Winter;Freestyle Skiing;1;9
USA;2008;Summer;Boxing;1;9
USA;2008;Summer;Judo;1;9
GER;2016;Summer;Wrestling;1;9
GER;2016;Summer;Tennis;1;9
AUS;2000;Summer;Judo;1;22
ARG;2016;Summer;Judo;1;15
USA;2014;Winter;Luge;1;9
AUT;2000;Summer;Athletics;1;6
USA;2016;Summer;Golf;1;9
GER;2016;Summer;Boxing;1;9
USA;2016;Summer;Sailing;1;9
AUS;2000;Summer;Archery;1;22
USA;2016;Summer;Taekwondo;1;9
USA;2016;Summer;Triathlon;1;9
USA;2016;Summer;Weightlifting;1;9
ARM;2012;Summer;Weightlifting;1;7
UZB;2000;Summer;Wrestling;1;12
ARM;2008;Summer;Boxing;1;7
ARM;2000;Summer;Weightlifting;1;7
GER;2016;Summer;Judo;1;9
BEL;2012;Summer;Judo;1;10
AUS;2016;Summer;Shooting;1;22
TOG;2008;Summer;Canoeing;1;10
BLR;2000;Summer;Modern Pentathlon;1;6
BLR;2000;Summer;Judo;1;6
TPE;2000;Summer;Table Tennis;1;10
BEL;2016;Summer;Swimming;1;10
BEL;2016;Summer;Judo;1;10
HUN;2000;Summer;Shooting;1;11
HUN;2000;Summer;Modern Pentathlon;1;11
BEL;2016;Summer;Athletics;1;10
TJK;2016;Summer;Athletics;1;2
BEL;2012;Summer;Sailing;1;10
TJK;2012;Summer;Boxing;1;2
HUN;2000;Summer;Gymnastics;1;11
BEL;2004;Summer;Tennis;1;10
BEL;2004;Summer;Judo;1;10
BEL;2004;Summer;Cycling;1;10
HUN;2000;Summer;Fencing;1;11
TPE;2012;Summer;Taekwondo;1;10
TPE;2012;Summer;Weightlifting;1;10
BDI;2016;Summer;Athletics;1;20
BAR;2000;Summer;Athletics;1;26
HUN;2000;Summer;Boxing;1;11
HKG;2012;Summer;Cycling;1;10
BEL;2012;Summer;Shooting;1;10
BLR;2006;Winter;Freestyle Skiing;1;6
HUN;2004;Summer;Athletics;1;11
BLR;2012;Summer;Shooting;1;6
SYR;2004;Summer;Boxing;1;18
HUN;2000;Summer;Wrestling;1;11
BLR;2010;Winter;Freestyle Skiing;1;6
THA;2000;Summer;Weightlifting;1;26
THA;2004;Summer;Taekwondo;1;26
HUN;2000;Summer;Weightlifting;1;11
RSA;2016;Summer;Triathlon;1;18
THA;2008;Summer;Weightlifting;1;26
BLR;2000;Summer;Rowing;1;6
THA;2012;Summer;Taekwondo;1;26
TUN;2008;Summer;Swimming;1;19
BLR;2004;Summer;Wrestling;1;6
THA;2012;Summer;Weightlifting;1;26
BLR;2004;Summer;Shooting;1;6
HUN;2000;Summer;Swimming;1;11
BLR;2004;Summer;Judo;1;6
BLR;2004;Summer;Cycling;1;6
TJK;2008;Summer;Judo;1;2
TJK;2008;Summer;Wrestling;1;2
BLR;2004;Summer;Athletics;1;6
BLR;2002;Winter;Freestyle Skiing;1;6
BLR;2000;Summer;Wrestling;1;6
IRI;2012;Summer;Athletics;1;17
AUT;2004;Summer;Triathlon;1;6
TUR;2016;Summer;Taekwondo;1;11
AUT;2010;Winter;Freestyle Skiing;1;6
TUR;2016;Summer;Weightlifting;1;11
UAE;2004;Summer;Shooting;1;27
AUT;2008;Summer;Swimming;1;6
AUT;2008;Summer;Judo;1;6
AUT;2008;Summer;Canoeing;1;6
AUT;2006;Winter;Snowboarding;1;6
UAE;2016;Summer;Judo;1;27
UGA;2012;Summer;Athletics;1;23
TTO;2004;Summer;Swimming;1;26
AUT;2006;Winter;Cross Country Skiing;1;6
GRE;2016;Summer;Swimming;1;15
UKR;2000;Summer;Judo;1;8
AUT;2004;Summer;Shooting;1;6
AUT;2004;Summer;Judo;1;6
AUT;2002;Winter;Skeleton;1;6
UKR;2000;Summer;Shooting;1;8
AUT;2002;Winter;Luge;1;6
UKR;2000;Summer;Trampolining;1;8
AUT;2002;Winter;Biathlon;1;6
GRE;2016;Summer;Gymnastics;1;15
UKR;2004;Summer;Fencing;1;8
SWE;2016;Summer;Shooting;1;19
GER;2008;Summer;Athletics;1;9
TUR;2004;Summer;Boxing;1;11
UKR;2004;Summer;Gymnastics;1;8
TUN;2012;Summer;Athletics;1;19
TUN;2016;Summer;Fencing;1;19
TUN;2016;Summer;Taekwondo;1;19
TUN;2016;Summer;Wrestling;1;19
TUR;2000;Summer;Judo;1;11
AZE;2012;Summer;Weightlifting;1;12
TUR;2000;Summer;Taekwondo;1;11
TUR;2000;Summer;Weightlifting;1;11
GUA;2012;Summer;Athletics;1;23
AZE;2008;Summer;Boxing;1;12
TUR;2016;Summer;Athletics;1;11
TUR;2004;Summer;Athletics;1;11
TUR;2012;Summer;Wrestling;1;11
AZE;2000;Summer;Wrestling;1;12
AZE;2000;Summer;Shooting;1;12
AZE;2000;Summer;Boxing;1;12
TUR;2004;Summer;Taekwondo;1;11
TUR;2008;Summer;Athletics;1;11
TUR;2008;Summer;Boxing;1;11
GRN;2016;Summer;Athletics;1;10
TUR;2008;Summer;Weightlifting;1;11
GRN;2012;Summer;Athletics;1;10
GER;2006;Winter;Snowboarding;1;9
TTO;2016;Summer;Athletics;1;26
AZE;2004;Summer;Wrestling;1;12
LTU;2016;Summer;Weightlifting;1;6
MDA;2000;Summer;Boxing;1;9
ESP;2016;Summer;Cycling;1;13
LTU;2008;Summer;Wrestling;1;6
LTU;2012;Summer;Boxing;1;6
ESP;2016;Summer;Badminton;1;13
LTU;2012;Summer;Canoeing;1;6
ESP;2012;Summer;Wrestling;1;13
LTU;2012;Summer;Modern Pentathlon;1;6
ESP;2012;Summer;Triathlon;1;13
LTU;2012;Summer;Swimming;1;6
ITA;2010;Winter;Short Track Speed Skating;1;13
GBR;2004;Summer;Modern Pentathlon;1;12
LTU;2008;Summer;Athletics;1;6
MAR;2000;Summer;Boxing;1;17
ITA;2010;Winter;Nordic Combined;1;13
MAR;2012;Summer;Athletics;1;17
MAR;2016;Summer;Boxing;1;17
MAS;2008;Summer;Badminton;1;25
MAS;2012;Summer;Badminton;1;25
MAS;2012;Summer;Diving;1;25
MAS;2016;Summer;Cycling;1;25
ESP;2008;Summer;Gymnastics;1;13
ESP;2008;Summer;Fencing;1;13
IRI;2008;Summer;Wrestling;1;17
LTU;2012;Summer;Wrestling;1;6
EST;2010;Winter;Cross Country Skiing;1;5
FIN;2000;Summer;Shooting;1;2
LAT;2008;Summer;Cycling;1;6
FIN;2000;Summer;Athletics;1;2
LAT;2008;Summer;Weightlifting;1;6
GBR;2004;Summer;Boxing;1;12
LAT;2010;Winter;Skeleton;1;6
ITA;2012;Summer;Cycling;1;13
LAT;2012;Summer;Cycling;1;6
LAT;2014;Winter;Skeleton;1;6
LTU;2000;Summer;Athletics;1;6
LTU;2008;Summer;Sailing;1;6
EST;2012;Summer;Athletics;1;5
MDA;2000;Summer;Shooting;1;9
LTU;2000;Summer;Cycling;1;6
EST;2008;Summer;Athletics;1;5
ITA;2012;Summer;Canoeing;1;13
EST;2004;Summer;Rowing;1;5
EST;2004;Summer;Judo;1;5
EST;2004;Summer;Athletics;1;5
LTU;2000;Summer;Shooting;1;6
ITA;2012;Summer;Athletics;1;13
EST;2000;Summer;Athletics;1;5
ESP;2016;Summer;Weightlifting;1;13
LTU;2004;Summer;Modern Pentathlon;1;6
EST;2012;Summer;Wrestling;1;5
MGL;2004;Summer;Judo;1;-1
ITA;2010;Winter;Luge;1;13
ECU;2008;Summer;Athletics;1;22
DOM;2016;Summer;Taekwondo;1;25
MEX;2016;Summer;Athletics;1;21
DOM;2008;Summer;Taekwondo;1;25
DOM;2008;Summer;Boxing;1;25
DOM;2004;Summer;Athletics;1;25
DEN;2016;Summer;Wrestling;1;8
MEX;2016;Summer;Boxing;1;21
MEX;2016;Summer;Diving;1;21
EGY;2004;Summer;Taekwondo;1;22
MEX;2016;Summer;Taekwondo;1;21
EGY;2004;Summer;Wrestling;1;22
DEN;2016;Summer;Canoeing;1;8
DEN;2016;Summer;Athletics;1;8
DEN;2012;Summer;Shooting;1;8
MGL;2008;Summer;Judo;1;-1
MGL;2008;Summer;Shooting;1;-1
DEN;2012;Summer;Cycling;1;8
GBR;2008;Summer;Gymnastics;1;12
DEN;2008;Summer;Swimming;1;8
GBR;2008;Summer;Modern Pentathlon;1;12
MGL;2012;Summer;Wrestling;1;-1
MGL;2016;Summer;Boxing;1;-1
MEX;2016;Summer;Modern Pentathlon;1;21
ESP;2000;Summer;Judo;1;13
MDA;2008;Summer;Boxing;1;9
ESP;2004;Summer;Shooting;1;13
ITA;2010;Winter;Cross Country Skiing;1;13
GBR;2006;Winter;Skeleton;1;12
MEX;2000;Summer;Boxing;1;21
MEX;2000;Summer;Diving;1;21
MEX;2000;Summer;Taekwondo;1;21
MEX;2000;Summer;Weightlifting;1;21
MEX;2004;Summer;Athletics;1;21
MEX;2004;Summer;Cycling;1;21
MEX;2012;Summer;Taekwondo;1;21
ESP;2000;Summer;Swimming;1;13
LAT;2008;Summer;Athletics;1;6
ITA;2010;Winter;Alpine Skiing;1;13
ESP;2000;Summer;Gymnastics;1;13
ITA;2008;Summer;Wrestling;1;13
ITA;2008;Summer;Taekwondo;1;13
ESP;2000;Summer;Boxing;1;13
ESP;2000;Summer;Athletics;1;13
ERI;2004;Summer;Athletics;1;26
EGY;2016;Summer;Taekwondo;1;22
EGY;2012;Summer;Wrestling;1;22
EGY;2012;Summer;Fencing;1;22
EGY;2008;Summer;Judo;1;22
ESP;2000;Summer;Taekwondo;1;13
KAZ;2012;Summer;Cycling;1;6
FIN;2000;Summer;Wrestling;1;2
KAZ;2004;Summer;Weightlifting;1;6
FRA;2010;Winter;Nordic Combined;1;11
FRA;2010;Winter;Freestyle Skiing;1;11
FRA;2016;Summer;Taekwondo;1;11
KAZ;2008;Summer;Judo;1;6
FRA;2008;Summer;Weightlifting;1;11
FRA;2008;Summer;Taekwondo;1;11
KAZ;2008;Summer;Taekwondo;1;6
FRA;2008;Summer;Shooting;1;11
KAZ;2000;Summer;Wrestling;1;6
KAZ;2012;Summer;Athletics;1;6
KAZ;2000;Summer;Cycling;1;6
KAZ;2014;Winter;Figure Skating;1;6
KAZ;2016;Summer;Athletics;1;6
GAB;2012;Summer;Taekwondo;1;25
KAZ;2016;Summer;Swimming;1;6
KGZ;2000;Summer;Judo;1;2
ITA;2016;Summer;Wrestling;1;13
GBR;2000;Summer;Boxing;1;12
FRA;2006;Winter;Snowboarding;1;11
FRA;2006;Winter;Freestyle Skiing;1;11
FRA;2006;Winter;Cross Country Skiing;1;11
KOR;2000;Summer;Shooting;1;12
KAZ;2010;Winter;Biathlon;1;6
JOR;2016;Summer;Taekwondo;1;18
JPN;2004;Summer;Archery;1;11
JPN;2002;Winter;Freestyle Skiing;1;11
FRA;2016;Summer;Modern Pentathlon;1;11
JPN;2006;Winter;Figure Skating;1;11
JPN;2008;Summer;Cycling;1;11
JPN;2008;Summer;Fencing;1;11
FRA;2016;Summer;Archery;1;11
JPN;2000;Summer;Wrestling;1;11
FRA;2014;Winter;Ski Jumping;1;11
JPN;2000;Summer;Taekwondo;1;11
KAZ;2004;Summer;Athletics;1;6
JPN;2000;Summer;Athletics;1;11
GBR;2000;Summer;Judo;1;12
FRA;2012;Summer;Wrestling;1;11
JPN;2012;Summer;Weightlifting;1;11
JPN;2014;Winter;Figure Skating;1;11
JPN;2014;Winter;Freestyle Skiing;1;11
JPN;2014;Winter;Nordic Combined;1;11
FRA;2012;Summer;Sailing;1;11
JPN;2016;Summer;Canoeing;1;11
JPN;2016;Summer;Tennis;1;11
JPN;2016;Summer;Weightlifting;1;11
FRA;2012;Summer;Gymnastics;1;11
KAZ;2000;Summer;Athletics;1;6
JPN;2012;Summer;Athletics;1;11
FIN;2006;Winter;Snowboarding;1;2
FIN;2016;Summer;Boxing;1;2
FIN;2014;Winter;Snowboarding;1;2
KOS;2016;Summer;Judo;1;10
KSA;2000;Summer;Athletics;1;25
KSA;2000;Summer;Equestrianism;1;25
FIN;2012;Summer;Athletics;1;2
FIN;2010;Winter;Snowboarding;1;2
KUW;2000;Summer;Shooting;1;25
KUW;2012;Summer;Shooting;1;25
LAT;2000;Summer;Athletics;1;6
FRA;2004;Summer;Tennis;1;11
FIN;2008;Summer;Athletics;1;2
ITA;2012;Summer;Gymnastics;1;13
LAT;2000;Summer;Judo;1;6
LAT;2004;Summer;Athletics;1;6
LAT;2004;Summer;Gymnastics;1;6
FIN;2006;Winter;Freestyle Skiing;1;2
LAT;2004;Summer;Modern Pentathlon;1;6
LAT;2004;Summer;Weightlifting;1;6
FIN;2006;Winter;Alpine Skiing;1;2
FIN;2004;Summer;Wrestling;1;2
FIN;2004;Summer;Shooting;1;2
LAT;2006;Winter;Luge;1;6
MOZ;2000;Summer;Athletics;1;10
LAT;2000;Summer;Gymnastics;1;6
KOR;2012;Summer;Boxing;1;12
FIN;2002;Winter;Freestyle Skiing;1;2
ITA;2014;Winter;Figure Skating;1;13
KOR;2006;Winter;Speed Skating;1;12
FRA;2004;Summer;Judo;1;11
FRA;2004;Summer;Gymnastics;1;11
KOR;2008;Summer;Boxing;1;12
KOR;2008;Summer;Fencing;1;12
KOR;2008;Summer;Gymnastics;1;12
FRA;2004;Summer;Boxing;1;11
KOR;2008;Summer;Wrestling;1;12
FRA;2002;Winter;Freestyle Skiing;1;11
KOR;2016;Summer;Wrestling;1;12
ITA;2012;Summer;Swimming;1;13
KOR;2016;Summer;Weightlifting;1;12
FRA;2000;Summer;Tennis;1;11
FRA;2000;Summer;Taekwondo;1;11
KOR;2012;Summer;Gymnastics;1;12
FRA;2000;Summer;Swimming;1;11
GBR;2002;Winter;Skeleton;1;12
KOR;2012;Summer;Wrestling;1;12
KOR;2014;Winter;Figure Skating;1;12
GBR;2004;Summer;Archery;1;12
ITA;2012;Summer;Judo;1;13
KOR;2016;Summer;Golf;1;12
ITA;2014;Winter;Luge;1;13
KOR;2010;Winter;Figure Skating;1;12
ISR;2004;Summer;Judo;1;19
CRO;2004;Summer;Weightlifting;1;11
POL;2006;Winter;Cross Country Skiing;1;8
POL;2008;Summer;Cycling;1;8
POL;2008;Summer;Gymnastics;1;8
POL;2008;Summer;Weightlifting;1;8
POL;2008;Summer;Wrestling;1;8
GBR;2014;Winter;Skeleton;1;12
CHN;2016;Summer;Sailing;1;11
GBR;2014;Winter;Snowboarding;1;12
AFG;2008;Summer;Taekwondo;1;13
POL;2004;Summer;Weightlifting;1;8
CHN;2016;Summer;Golf;1;11
POL;2004;Summer;Sailing;1;8
POL;2012;Summer;Shooting;1;8
ISR;2000;Summer;Canoeing;1;19
POL;2012;Summer;Wrestling;1;8
POL;2014;Winter;Cross Country Skiing;1;8
ISL;2000;Summer;Athletics;1;2
CHN;2014;Winter;Speed Skating;1;11
IRL;2016;Summer;Sailing;1;9
POL;2016;Summer;Modern Pentathlon;1;8
CHN;2012;Summer;Wrestling;1;11
POL;2016;Summer;Wrestling;1;8
POR;2000;Summer;Athletics;1;15
ISR;2004;Summer;Sailing;1;19
COL;2012;Summer;Weightlifting;1;25
MGL;2016;Summer;Judo;1;-1
CRO;2004;Summer;Swimming;1;11
POL;2000;Summer;Gymnastics;1;8
GBR;2012;Summer;Shooting;1;12
POL;2000;Summer;Shooting;1;8
CRO;2000;Summer;Weightlifting;1;11
GER;2012;Summer;Swimming;1;9
ISR;2008;Summer;Sailing;1;19
COL;2016;Summer;Judo;1;25
POL;2004;Summer;Fencing;1;8
POL;2006;Winter;Biathlon;1;8
COL;2012;Summer;Wrestling;1;25
POR;2008;Summer;Athletics;1;15
COL;2012;Summer;Taekwondo;1;25
COL;2012;Summer;Judo;1;25
ITA;2000;Summer;Boxing;1;13
COL;2012;Summer;Athletics;1;25
COL;2008;Summer;Wrestling;1;25
COL;2008;Summer;Weightlifting;1;25
COL;2004;Summer;Weightlifting;1;25
COL;2004;Summer;Cycling;1;25
COL;2000;Summer;Weightlifting;1;25
CMR;2008;Summer;Athletics;1;25
CMR;2004;Summer;Athletics;1;25
COL;2016;Summer;Athletics;1;25
IRI;2016;Summer;Taekwondo;1;17
QAT;2012;Summer;Athletics;1;27
QAT;2012;Summer;Shooting;1;27
QAT;2016;Summer;Athletics;1;27
IRL;2000;Summer;Athletics;1;9
ROU;2000;Summer;Fencing;1;9
ROU;2000;Summer;Judo;1;9
ROU;2000;Summer;Shooting;1;9
ROU;2004;Summer;Boxing;1;9
GBR;2016;Summer;Judo;1;12
ROU;2008;Summer;Athletics;1;9
POR;2000;Summer;Judo;1;15
ROU;2008;Summer;Judo;1;9
PUR;2012;Summer;Wrestling;1;10
ROU;2012;Summer;Shooting;1;9
IRI;2012;Summer;Taekwondo;1;17
JPN;2002;Winter;Speed Skating;1;11
ROU;2016;Summer;Wrestling;1;9
IRI;2008;Summer;Taekwondo;1;17
GBR;2016;Summer;Tennis;1;12
CHN;2004;Summer;Wrestling;1;11
RSA;2008;Summer;Athletics;1;18
RSA;2012;Summer;Athletics;1;18
CHN;2004;Summer;Trampolining;1;11
RSA;2012;Summer;Canoeing;1;18
CHN;2008;Summer;Cycling;1;11
PRK;2004;Summer;Table Tennis;1;6
PAN;2008;Summer;Athletics;1;25
POR;2008;Summer;Triathlon;1;15
CHN;2012;Summer;Sailing;1;11
GBR;2016;Summer;Golf;1;12
CHN;2012;Summer;Modern Pentathlon;1;11
POR;2016;Summer;Judo;1;15
PRK;2000;Summer;Boxing;1;6
PRK;2000;Summer;Judo;1;6
PRK;2000;Summer;Weightlifting;1;6
PRK;2000;Summer;Wrestling;1;6
PRK;2004;Summer;Boxing;1;6
QAT;2000;Summer;Weightlifting;1;27
PRK;2004;Summer;Shooting;1;6
PUR;2016;Summer;Tennis;1;10
CHN;2010;Winter;Speed Skating;1;11
PRK;2004;Summer;Weightlifting;1;6
PRK;2008;Summer;Gymnastics;1;6
IRL;2012;Summer;Equestrianism;1;9
PRK;2012;Summer;Judo;1;6
PRK;2012;Summer;Wrestling;1;6
PRK;2016;Summer;Gymnastics;1;6
PRK;2016;Summer;Shooting;1;6
PRK;2016;Summer;Table Tennis;1;6
PUR;2012;Summer;Athletics;1;10
POR;2004;Summer;Cycling;1;15
PRK;2004;Summer;Judo;1;6
CZE;2004;Summer;Modern Pentathlon;1;4
PHI;2016;Summer;Weightlifting;1;26
NED;2016;Summer;Judo;1;9
GBR;2008;Summer;Taekwondo;1;12
CZE;2010;Winter;Alpine Skiing;1;4
GBR;2010;Winter;Skeleton;1;12
CZE;2008;Summer;Rowing;1;4
NGR;2000;Summer;Weightlifting;1;27
CZE;2008;Summer;Athletics;1;4
NGR;2008;Summer;Taekwondo;1;27
NIG;2016;Summer;Taekwondo;1;27
NED;2016;Summer;Boxing;1;9
ITA;2004;Summer;Sailing;1;13
CZE;2012;Summer;Cycling;1;4
ITA;2004;Summer;Judo;1;13
NOR;2000;Summer;Shooting;1;2
CZE;2002;Winter;Freestyle Skiing;1;4
NOR;2000;Summer;Taekwondo;1;2
CZE;2000;Summer;Triathlon;1;4
NOR;2002;Winter;Freestyle Skiing;1;2
CZE;2000;Summer;Boxing;1;4
NOR;2004;Summer;Athletics;1;2
CYP;2012;Summer;Sailing;1;18
NOR;2004;Summer;Cycling;1;2
CUB;2016;Summer;Judo;1;25
CZE;2004;Summer;Sailing;1;4
NED;2010;Winter;Snowboarding;1;9
GBR;2016;Summer;Trampolining;1;12
MRI;2008;Summer;Boxing;1;10
NED;2000;Summer;Archery;1;9
NED;2000;Summer;Judo;1;9
NED;2000;Summer;Sailing;1;9
ITA;2008;Summer;Judo;1;13
DEN;2000;Summer;Shooting;1;8
NED;2004;Summer;Badminton;1;9
NED;2004;Summer;Equestrianism;1;9
NED;2008;Summer;Cycling;1;9
NED;2016;Summer;Gymnastics;1;9
DEN;2000;Summer;Athletics;1;8
NOR;2004;Summer;Sailing;1;2
CZE;2016;Summer;Rowing;1;4
CZE;2016;Summer;Judo;1;4
CZE;2016;Summer;Cycling;1;4
NED;2012;Summer;Gymnastics;1;9
CZE;2016;Summer;Athletics;1;4
ITA;2008;Summer;Cycling;1;13
CZE;2014;Winter;Snowboarding;1;4
NED;2014;Winter;Short Track Speed Skating;1;9
NED;2016;Summer;Athletics;1;9
CZE;2012;Summer;Shooting;1;4
CZE;2012;Summer;Modern Pentathlon;1;4
DEN;2000;Summer;Badminton;1;8
NZL;2008;Summer;Triathlon;1;11
NOR;2016;Summer;Wrestling;1;2
NZL;2000;Summer;Equestrianism;1;11
NZL;2000;Summer;Rowing;1;11
ITA;2002;Winter;Snowboarding;1;13
NZL;2004;Summer;Canoeing;1;11
NZL;2004;Summer;Cycling;1;11
GBR;2012;Summer;Modern Pentathlon;1;12
CRO;2016;Summer;Shooting;1;11
ITA;2002;Winter;Luge;1;13
CRO;2016;Summer;Boxing;1;11
NOR;2004;Summer;Rowing;1;2
CRO;2014;Winter;Alpine Skiing;1;11
NOR;2012;Summer;Fencing;1;2
CRO;2012;Summer;Taekwondo;1;11
CRO;2012;Summer;Shooting;1;11
NZL;2012;Summer;Athletics;1;11
NZL;2012;Summer;Canoeing;1;11
CRO;2012;Summer;Athletics;1;11
CRO;2010;Winter;Biathlon;1;11
NZL;2016;Summer;Golf;1;11
NZL;2016;Summer;Shooting;1;11
CRO;2008;Summer;Shooting;1;11
CRO;2008;Summer;Gymnastics;1;11
CRO;2008;Summer;Athletics;1;11
NZL;2008;Summer;Sailing;1;11
NOR;2008;Summer;Canoeing;1;2
MKD;2000;Summer;Wrestling;1;10
CUB;2012;Summer;Weightlifting;1;25
CUB;2012;Summer;Taekwondo;1;25
CUB;2012;Summer;Shooting;1;25
NOR;2006;Winter;Alpine Skiing;1;2
NOR;2006;Winter;Freestyle Skiing;1;2
GBR;2012;Summer;Diving;1;12
CUB;2008;Summer;Wrestling;1;25
CUB;2008;Summer;Taekwondo;1;25
CUB;2008;Summer;Shooting;1;25
NOR;2006;Winter;Snowboarding;1;2
NOR;2014;Winter;Snowboarding;1;2
ITA;2004;Summer;Cycling;1;13
NOR;2014;Winter;Ski Jumping;1;2
NOR;2008;Summer;Rowing;1;2
NOR;2008;Summer;Shooting;1;2
ITA;2004;Summer;Boxing;1;13
CUB;2004;Summer;Taekwondo;1;25
CUB;2004;Summer;Shooting;1;25
NOR;2008;Summer;Taekwondo;1;2
ITA;2004;Summer;Archery;1;13
NOR;2010;Winter;Speed Skating;1;2
NOR;2012;Summer;Canoeing;1;2
NOR;2012;Summer;Cycling;1;2
CUB;2016;Summer;Athletics;1;25
CUB;2008;Summer;Cycling;1;25
